TRAIN,out/80_flip2.jpg,kurum_ogrenci_no,2092,818,2514,818,2514,1203,2092,1203
TRAIN,out/80_flip2.jpg,sayisal,1392,1325,1740,1325,1740,2148,1392,2148
TRAIN,out/80_flip2.jpg,bilgiler_elle,2080,209,2653,209,2653,654,2080,654
TRAIN,out/80_flip2.jpg,kenarcizgi,165,221,297,221,297,2170,165,2170
TRAIN,out/80_flip2.jpg,sayisal,3222,1288,3628,1288,3628,2116,3222,2116
TRAIN,out/80_flip2.jpg,sozel,708,1323,1394,1323,1394,2157,708,2157
TRAIN,out/80_flip2.jpg,kenarcizgi,2009,196,2090,196,2090,2133,2009,2133
TRAIN,out/80_flip2.jpg,kitapcik_cinsiyet,2085,676,2497,676,2497,804,2085,804
TRAIN,out/80_flip2.jpg,soyadi_adi,2781,189,3542,189,3542,1195,2781,1195
TRAIN,out/80_flip2.jpg,tc,2100,1222,2465,1222,2465,1621,2100,1621
TRAIN,out/80_flip2.jpg,bilgiler_elle,309,238,897,238,897,708,309,708
TRAIN,out/80_flip2.jpg,soyadi_adi,1015,233,1747,233,1747,1239,1015,1239
TRAIN,out/80_flip2.jpg,kitapcik_cinsiyet,299,720,721,720,721,840,299,840
TRAIN,out/80_flip2.jpg,cevaplar,699,1247,1732,1247,1732,2160,699,2160
TRAIN,out/80_flip2.jpg,sinif_sube,2653,204,2803,204,2803,1112,2653,1112
TRAIN,out/80_flip2.jpg,tc,270,1261,662,1261,662,1675,270,1675
TRAIN,out/80_flip2.jpg,cevaplar,2538,1215,3623,1215,3623,2123,2538,2123
TRAIN,out/80_flip2.jpg,sinif_sube,892,243,1022,243,1022,1149,892,1149
TRAIN,out/80_flip2.jpg,kurum_ogrenci_no,287,853,723,853,723,1261,287,1261
TRAIN,out/80_flip2.jpg,sozel,2543,1291,3246,1291,3246,2126,2543,2126
TRAIN,out/74_flip2.jpg,kitapcik_cinsiyet,3471,1445,3915,1445,3915,1582,3471,1582
TRAIN,out/74_flip2.jpg,kenarcizgi,3868,833,3998,833,3998,2055,3868,2055
TRAIN,out/74_flip2.jpg,bilgiler_elle,3275,1577,3883,1577,3883,2035,3275,2035
TRAIN,out/74_flip2.jpg,sinif_sube,3141,1124,3278,1124,3278,2037,3141,2037
TRAIN,out/74_flip2.jpg,sayisal,2470,103,2837,103,2837,941,2470,941
TRAIN,out/74_flip2.jpg,sozel,2822,106,3557,106,3557,943,2822,943
TRAIN,out/74_flip2.jpg,sozel,579,94,988,94,988,931,579,931
TRAIN,out/74_flip2.jpg,cevaplar,2467,94,3560,94,3560,1021,2467,1021
TRAIN,out/74_flip2.jpg,tc,1727,608,2100,608,2100,1017,1727,1017
TRAIN,out/74_flip2.jpg,kurum_ogrenci_no,3481,1051,3954,1051,3954,1430,3481,1430
TRAIN,out/74_flip2.jpg,kurum_ogrenci_no,1666,1026,2100,1026,2100,1418,1666,1418
TRAIN,out/74_flip2.jpg,bilgiler_elle,1524,1570,2092,1570,2092,2013,1524,2013
TRAIN,out/74_flip2.jpg,cevaplar,566,98,1656,98,1656,1014,566,1014
TRAIN,out/74_flip2.jpg,tc,3572,622,3988,622,3988,1029,3572,1029
TRAIN,out/74_flip2.jpg,sayisal,953,96,1654,96,1654,933,953,933
TRAIN,out/74_flip2.jpg,sinif_sube,1377,1117,1527,1117,1527,2011,1377,2011
TRAIN,out/74_flip2.jpg,kenarcizgi,2102,111,2171,111,2171,2037,2102,2037
TRAIN,out/74_flip2.jpg,soyadi_adi,647,1021,1394,1021,1394,2008,647,2008
TRAIN,out/74_flip2.jpg,soyadi_adi,2460,1029,3192,1029,3192,2030,2460,2030
TRAIN,out/33_flip2.jpg,tc,1639,91,2168,91,2168,581,1639,581
TRAIN,out/33_flip2.jpg,soyadi_adi,2134,1048,3496,1048,3496,2015,2134,2015
TRAIN,out/33_flip2.jpg,kurum_ogrenci_no,2163,106,2695,106,2695,671,2163,671
TRAIN,out/33_flip2.jpg,sinif_sube,2254,906,3498,906,3498,1070,2254,1070
TRAIN,out/33_flip2.jpg,kitapcik_cinsiyet,2692,120,2896,120,2896,674,2692,674
TRAIN,out/33_flip2.jpg,sayisal,968,1514,2021,1514,2021,1979,968,1979
TRAIN,out/33_flip2.jpg,kenarcizgi,1948,52,3557,52,3557,101,1948,101
TRAIN,out/33_flip2.jpg,sozel,993,652,2041,652,2041,1511,993,1511
TRAIN,out/33_flip2.jpg,cevaplar,970,652,2151,652,2151,1981,970,1981
TRAIN,out/33_flip2.jpg,bilgiler_elle,2884,123,3533,123,3533,916,2884,916
TRAIN,out/68_flip2.jpg,soyadi_adi,468,1014,1225,1014,1225,1981,468,1981
TRAIN,out/68_flip2.jpg,kurum_ogrenci_no,3244,1021,3716,1021,3716,1428,3244,1428
TRAIN,out/68_flip2.jpg,cevaplar,343,101,1451,101,1451,1009,343,1009
TRAIN,out/68_flip2.jpg,sayisal,2239,101,2602,101,2602,936,2239,936
TRAIN,out/68_flip2.jpg,soyadi_adi,2230,1019,2957,1019,2957,2006,2230,2006
TRAIN,out/68_flip2.jpg,kurum_ogrenci_no,1460,1012,1874,1012,1874,1394,1460,1394
TRAIN,out/68_flip2.jpg,cevaplar,2230,96,3312,96,3312,1012,2230,1012
TRAIN,out/68_flip2.jpg,bilgiler_elle,3048,1563,3670,1563,3670,2025,3048,2025
TRAIN,out/68_flip2.jpg,sozel,368,103,792,103,792,938,368,938
TRAIN,out/68_flip2.jpg,bilgiler_elle,1326,1540,1891,1540,1891,1984,1326,1984
TRAIN,out/68_flip2.jpg,kitapcik_cinsiyet,1475,1396,1887,1396,1887,1538,1475,1538
TRAIN,out/68_flip2.jpg,tc,3332,598,3756,598,3756,1029,3332,1029
TRAIN,out/68_flip2.jpg,kenarcizgi,3653,98,3883,98,3883,2035,3653,2035
TRAIN,out/68_flip2.jpg,sayisal,733,96,1446,96,1446,931,733,931
TRAIN,out/68_flip2.jpg,kenarcizgi,1879,96,1955,96,1955,2008,1879,2008
TRAIN,out/68_flip2.jpg,kitapcik_cinsiyet,3236,1423,3677,1423,3677,1572,3236,1572
TRAIN,out/68_flip2.jpg,tc,1502,608,1887,608,1887,1014,1502,1014
TRAIN,out/68_flip2.jpg,sozel,2582,98,3300,98,3300,933,2582,933
TRAIN,out/68_flip2.jpg,sinif_sube,2915,1112,3055,1112,3055,2006,2915,2006
TRAIN,out/68_flip2.jpg,sinif_sube,1176,1088,1345,1088,1345,1981,1176,1981
TRAIN,out/62_flip2.jpg,kurum_ogrenci_no,2254,223,2805,223,2805,813,2254,813
TRAIN,out/62_flip2.jpg,sinif_sube,2372,1024,3662,1024,3662,1205,2372,1205
TRAIN,out/62_flip2.jpg,sayisal,1054,1727,2136,1727,2136,2197,1054,2197
TRAIN,out/62_flip2.jpg,cevaplar,1042,821,2244,821,2244,2197,1042,2197
TRAIN,out/62_flip2.jpg,kenarcizgi,1064,123,3721,123,3721,196,1064,196
TRAIN,out/62_flip2.jpg,tc,1698,216,2256,216,2256,735,1698,735
TRAIN,out/62_flip2.jpg,bilgiler_elle,3013,221,3677,221,3677,1026,3013,1026
TRAIN,out/62_flip2.jpg,soyadi_adi,2256,1200,3672,1200,3672,2179,2256,2179
TRAIN,out/62_flip2.jpg,sozel,1059,833,2141,833,2141,1707,1059,1707
TRAIN,out/62_flip2.jpg,kitapcik_cinsiyet,2810,218,3011,218,3011,806,2810,806
TRAIN,out/13_flip2.jpg,sayisal,2386,74,2717,74,2717,774,2386,774
TRAIN,out/13_flip2.jpg,soyadi_adi,988,982,1629,982,1629,1790,988,1790
TRAIN,out/13_flip2.jpg,sinif_sube,211,1043,432,1043,432,1776,211,1776
TRAIN,out/13_flip2.jpg,kenarcizgi,3501,123,3729,123,3729,1744,3501,1744
TRAIN,out/13_flip2.jpg,sinif_sube,1588,1039,1737,1039,1737,1773,1588,1773
TRAIN,out/13_flip2.jpg,sozel,1215,221,1808,221,1808,904,1215,904
TRAIN,out/13_flip2.jpg,kurum_ogrenci_no,3190,860,3574,860,3574,1200,3190,1200
TRAIN,out/13_flip2.jpg,bilgiler_elle,1715,1394,2188,1394,2188,1773,1715,1773
TRAIN,out/13_flip2.jpg,tc,1860,622,2171,622,2171,963,1860,963
TRAIN,out/13_flip2.jpg,kitapcik_cinsiyet,485,1279,850,1279,850,1396,485,1396
TRAIN,out/13_flip2.jpg,soyadi_adi,2340,843,2964,843,2964,1670,2340,1670
TRAIN,out/13_flip2.jpg,kenarcizgi,691,189,944,189,944,1753,691,1753
TRAIN,out/13_flip2.jpg,cevaplar,2376,76,3293,76,3293,855,2376,855
TRAIN,out/13_flip2.jpg,kenarcizgi,2173,221,2242,221,2242,1766,2173,1766
TRAIN,out/13_flip2.jpg,kurum_ogrenci_no,1818,958,2178,958,2178,1281,1818,1281
TRAIN,out/13_flip2.jpg,kurum_ogrenci_no,434,943,828,943,828,1274,434,1274
TRAIN,out/13_flip2.jpg,sinif_sube,2903,919,3031,919,3031,1673,2903,1673
TRAIN,out/13_flip2.jpg,sayisal,904,245,1262,245,1262,919,904,919
TRAIN,out/13_flip2.jpg,tc,3278,517,3616,517,3616,872,3278,872
TRAIN,out/13_flip2.jpg,kitapcik_cinsiyet,1838,1274,2178,1274,2178,1391,1838,1391
TRAIN,out/13_flip2.jpg,cevaplar,892,214,1823,214,1823,987,892,987
TRAIN,out/13_flip2.jpg,tc,427,598,772,598,772,948,427,948
TRAIN,out/13_flip2.jpg,kitapcik_cinsiyet,3173,1185,3538,1185,3538,1318,3173,1318
TRAIN,out/13_flip2.jpg,bilgiler_elle,358,1381,895,1381,895,1758,358,1758
TRAIN,out/13_flip2.jpg,bilgiler_elle,3018,1310,3520,1310,3520,1690,3018,1690
TRAIN,out/13_flip2.jpg,sozel,2668,91,3290,91,3290,784,2668,784
TRAIN,out/27_flip2.jpg,kenarcizgi,3722,103,3887,103,3887,2083,3722,2083
TRAIN,out/27_flip2.jpg,kitapcik_cinsiyet,1375,1401,1822,1401,1822,1555,1375,1555
TRAIN,out/27_flip2.jpg,sozel,2577,103,3318,103,3318,909,2577,909
TRAIN,out/27_flip2.jpg,kitapcik_cinsiyet,3264,1420,3738,1420,3738,1580,3264,1580
TRAIN,out/27_flip2.jpg,sinif_sube,1067,1069,1216,1069,1216,2037,1067,2037
TRAIN,out/27_flip2.jpg,sinif_sube,2945,1085,3086,1085,3086,2069,2945,2069
TRAIN,out/27_flip2.jpg,sozel,658,114,1378,114,1378,888,658,888
TRAIN,out/27_flip2.jpg,kenarcizgi,1822,109,1900,109,1900,2058,1822,2058
TRAIN,out/27_flip2.jpg,tc,3373,555,3779,555,3779,990,3373,990
TRAIN,out/27_flip2.jpg,kurum_ogrenci_no,1375,982,1830,982,1830,1404,1375,1404
TRAIN,out/27_flip2.jpg,bilgiler_elle,3088,1574,3724,1574,3724,2067,3088,2067
TRAIN,out/27_flip2.jpg,cevaplar,282,101,1351,101,1351,963,282,963
TRAIN,out/27_flip2.jpg,sayisal,2203,103,2590,103,2590,909,2203,909
TRAIN,out/27_flip2.jpg,kurum_ogrenci_no,3281,996,3760,996,3760,1418,3281,1418
TRAIN,out/27_flip2.jpg,soyadi_adi,312,963,1080,963,1080,2029,312,2029
TRAIN,out/27_flip2.jpg,soyadi_adi,2212,998,2969,998,2969,2061,2212,2061
TRAIN,out/27_flip2.jpg,sayisal,293,106,669,106,669,877,293,877
TRAIN,out/27_flip2.jpg,bilgiler_elle,1205,1545,1825,1545,1825,2037,1205,2037
TRAIN,out/27_flip2.jpg,cevaplar,2217,111,3308,111,3308,988,2217,988
TRAIN,out/27_flip2.jpg,tc,1435,544,1835,544,1835,993,1435,993
TRAIN,out/83_flip2.jpg,sinif_sube,373,1081,1703,1081,1703,1307,373,1307
TRAIN,out/83_flip2.jpg,kitapcik_cinsiyet,1054,1509,1280,1509,1280,2117,1054,2117
TRAIN,out/83_flip2.jpg,sayisal,1911,42,3015,42,3015,554,1911,554
TRAIN,out/83_flip2.jpg,sozel,1920,530,3051,530,3051,1456,1920,1456
TRAIN,out/83_flip2.jpg,kurum_ogrenci_no,1277,1483,1849,1483,1849,2102,1277,2102
TRAIN,out/83_flip2.jpg,kenarcizgi,367,2072,3066,2072,3066,2236,367,2236
TRAIN,out/83_flip2.jpg,cevaplar,1807,45,3060,45,3060,1462,1807,1462
TRAIN,out/83_flip2.jpg,bilgiler_elle,378,1292,1072,1292,1072,2134,378,2134
TRAIN,out/83_flip2.jpg,soyadi_adi,346,90,1828,90,1828,1125,346,1125
TRAIN,out/83_flip2.jpg,tc,1837,1545,2414,1545,2414,2084,1837,2084
TRAIN,out/6_flip2.jpg,sozel,482,1046,1324,1046,1324,2076,482,2076
TRAIN,out/6_flip2.jpg,kenarcizgi,1805,1086,1988,1086,1988,3488,1805,3488
TRAIN,out/6_flip2.jpg,kitapcik_cinsiyet,1285,2672,1825,2672,1825,2859,1285,2859
TRAIN,out/6_flip2.jpg,soyadi_adi,48,2156,931,2156,931,3392,48,3392
TRAIN,out/6_flip2.jpg,tc,1384,1678,1865,1678,1865,2207,1384,2207
TRAIN,out/6_flip2.jpg,sayisal,36,1026,485,1026,485,2060,36,2060
TRAIN,out/6_flip2.jpg,bilgiler_elle,1082,2839,1809,2839,1809,3424,1082,3424
TRAIN,out/6_flip2.jpg,kurum_ogrenci_no,1296,2183,1845,2183,1845,2688,1296,2688
TRAIN,out/6_flip2.jpg,sinif_sube,907,2287,1090,2287,1090,3392,907,3392
TRAIN,out/6_flip2.jpg,cevaplar,36,1022,1328,1022,1328,2167,36,2167
TRAIN,out/24_flip2.jpg,sayisal,1167,1697,2242,1697,2242,2152,1167,2152
TRAIN,out/24_flip2.jpg,kenarcizgi,1167,126,3730,126,3730,230,1167,230
TRAIN,out/24_flip2.jpg,sinif_sube,2471,1024,3688,1024,3688,1191,2471,1191
TRAIN,out/24_flip2.jpg,soyadi_adi,2352,1197,3700,1197,3700,2137,2352,2137
TRAIN,out/24_flip2.jpg,kurum_ogrenci_no,2364,245,2881,245,2881,813,2364,813
TRAIN,out/24_flip2.jpg,tc,1831,239,2343,239,2343,727,1831,727
TRAIN,out/24_flip2.jpg,kitapcik_cinsiyet,2893,248,3078,248,3078,819,2893,819
TRAIN,out/24_flip2.jpg,sozel,1176,813,2242,813,2242,1685,1176,1685
TRAIN,out/24_flip2.jpg,bilgiler_elle,3087,250,3706,250,3706,1021,3087,1021
TRAIN,out/24_flip2.jpg,cevaplar,1188,810,2340,810,2340,2170,1188,2170
TRAIN,out/20_flip2.jpg,bilgiler_elle,3048,54,3724,54,3724,884,3048,884
TRAIN,out/20_flip2.jpg,tc,1670,54,2250,54,2250,590,1670,590
TRAIN,out/20_flip2.jpg,sayisal,995,1649,2152,1649,2152,2146,995,2146
TRAIN,out/20_flip2.jpg,kitapcik_cinsiyet,2840,57,3042,57,3042,667,2840,667
TRAIN,out/20_flip2.jpg,cevaplar,986,706,2265,706,2265,2158,986,2158
TRAIN,out/20_flip2.jpg,sozel,989,706,2152,706,2152,1643,989,1643
TRAIN,out/20_flip2.jpg,sinif_sube,2381,887,3718,887,3718,1093,2381,1093
TRAIN,out/20_flip2.jpg,soyadi_adi,2265,1078,3753,1078,3753,2117,2265,2117
TRAIN,out/20_flip2.jpg,kurum_ogrenci_no,2253,54,2825,54,2825,673,2253,673
TRAIN,out/17_flip2.jpg,sinif_sube,2289,926,3483,926,3483,1114,2289,1114
TRAIN,out/17_flip2.jpg,soyadi_adi,2188,1096,3518,1096,3518,2045,2188,2045
TRAIN,out/17_flip2.jpg,bilgiler_elle,2890,176,3486,176,3486,932,2890,932
TRAIN,out/17_flip2.jpg,kenarcizgi,980,60,3533,60,3533,158,980,158
TRAIN,out/17_flip2.jpg,sayisal,995,1617,2087,1617,2087,2096,995,2096
TRAIN,out/17_flip2.jpg,sozel,1003,759,2075,759,2075,1637,1003,1637
TRAIN,out/17_flip2.jpg,tc,1640,167,2170,167,2170,661,1640,661
TRAIN,out/17_flip2.jpg,cevaplar,1009,759,2191,759,2191,2102,1009,2102
TRAIN,out/17_flip2.jpg,kurum_ogrenci_no,2176,176,2700,176,2700,745,2176,745
TRAIN,out/17_flip2.jpg,kitapcik_cinsiyet,2697,176,2890,176,2890,739,2697,739
TRAIN,out/87_flip2.jpg,soyadi_adi,245,137,1718,137,1718,1146,245,1146
TRAIN,out/87_flip2.jpg,kurum_ogrenci_no,1170,1524,1727,1524,1727,2125,1170,2125
TRAIN,out/87_flip2.jpg,sozel,1822,605,2920,605,2920,1492,1822,1492
TRAIN,out/87_flip2.jpg,kenarcizgi,280,2128,2920,2128,2920,2233,280,2233
TRAIN,out/87_flip2.jpg,bilgiler_elle,277,1322,974,1322,974,2137,277,2137
TRAIN,out/87_flip2.jpg,cevaplar,1697,120,2911,120,2911,1500,1697,1500
TRAIN,out/87_flip2.jpg,kitapcik_cinsiyet,959,1542,1170,1542,1170,2140,959,2140
TRAIN,out/87_flip2.jpg,sayisal,1810,102,2917,102,2917,602,1810,602
TRAIN,out/87_flip2.jpg,tc,1718,1596,2277,1596,2277,2108,1718,2108
TRAIN,out/87_flip2.jpg,sinif_sube,256,1128,1590,1128,1590,1337,256,1337
TRAIN,out/39_flip2.jpg,kurum_ogrenci_no,3393,1072,3819,1072,3819,1471,3393,1471
TRAIN,out/39_flip2.jpg,sayisal,2417,221,2756,221,2756,1000,2417,1000
TRAIN,out/39_flip2.jpg,kurum_ogrenci_no,1786,1084,2194,1084,2194,1456,1786,1456
TRAIN,out/39_flip2.jpg,sinif_sube,3096,1173,3221,1173,3221,2054,3096,2054
TRAIN,out/39_flip2.jpg,tc,96,551,462,551,462,950,96,950
TRAIN,out/39_flip2.jpg,sinif_sube,1515,1158,1652,1158,1652,2030,1515,2030
TRAIN,out/39_flip2.jpg,bilgiler_elle,3221,1602,3801,1602,3801,2051,3221,2051
TRAIN,out/39_flip2.jpg,sozel,1131,227,1774,227,1774,1024,1131,1024
TRAIN,out/39_flip2.jpg,bilgiler_elle,1643,1590,2191,1590,2191,2033,1643,2033
TRAIN,out/39_flip2.jpg,cevaplar,783,224,1768,224,1768,1105,783,1105
TRAIN,out/39_flip2.jpg,cevaplar,2420,200,3399,200,3399,1084,2420,1084
TRAIN,out/39_flip2.jpg,sayisal,804,248,1149,248,1149,1021,804,1021
TRAIN,out/39_flip2.jpg,kitapcik_cinsiyet,3384,1465,3807,1465,3807,1611,3384,1611
TRAIN,out/39_flip2.jpg,kitapcik_cinsiyet,87,1334,503,1334,503,1477,87,1477
TRAIN,out/39_flip2.jpg,kenarcizgi,2203,230,2259,230,2259,2063,2203,2063
TRAIN,out/39_flip2.jpg,kurum_ogrenci_no,63,947,480,947,480,1328,63,1328
TRAIN,out/39_flip2.jpg,soyadi_adi,2411,1087,3114,1087,3114,2051,2411,2051
TRAIN,out/39_flip2.jpg,kenarcizgi,423,69,566,69,566,1929,423,1929
TRAIN,out/39_flip2.jpg,tc,3465,685,3843,685,3843,1087,3465,1087
TRAIN,out/39_flip2.jpg,tc,1828,697,2209,697,2209,1096,1828,1096
TRAIN,out/39_flip2.jpg,sozel,2753,197,3411,197,3411,1015,2753,1015
TRAIN,out/39_flip2.jpg,soyadi_adi,819,1078,1539,1078,1539,2033,819,2033
TRAIN,out/39_flip2.jpg,kitapcik_cinsiyet,1777,1456,2206,1456,2206,1593,1777,1593
TRAIN,out/39_flip2.jpg,kenarcizgi,3789,173,3932,173,3932,2057,3789,2057
TRAIN,out/56_flip2.jpg,tc,1733,212,2230,212,2230,670,1733,670
TRAIN,out/56_flip2.jpg,sozel,1149,756,2131,756,2131,1560,1149,1560
TRAIN,out/56_flip2.jpg,kurum_ogrenci_no,2236,215,2715,215,2715,748,2236,748
TRAIN,out/56_flip2.jpg,soyadi_adi,2221,1087,3477,1087,3477,1959,2221,1959
TRAIN,out/56_flip2.jpg,kenarcizgi,1111,117,3489,117,3489,191,1111,191
TRAIN,out/56_flip2.jpg,sinif_sube,2334,926,3465,926,3465,1093,2334,1093
TRAIN,out/56_flip2.jpg,bilgiler_elle,2902,218,3471,218,3471,932,2902,932
TRAIN,out/56_flip2.jpg,cevaplar,1155,756,2227,756,2227,1992,1155,1992
TRAIN,out/56_flip2.jpg,kitapcik_cinsiyet,2721,212,2902,212,2902,736,2721,736
TRAIN,out/56_flip2.jpg,sayisal,1131,1551,2140,1551,2140,1986,1131,1986
TRAIN,out/45_flip2.jpg,kitapcik_cinsiyet,3277,1468,3712,1468,3712,1608,3277,1608
TRAIN,out/45_flip2.jpg,sozel,807,131,1512,131,1512,959,807,959
TRAIN,out/45_flip2.jpg,kenarcizgi,1950,146,2018,146,2018,2039,1950,2039
TRAIN,out/45_flip2.jpg,cevaplar,2286,143,3358,143,3358,1051,2286,1051
TRAIN,out/45_flip2.jpg,tc,1572,631,1950,631,1950,1042,1572,1042
TRAIN,out/45_flip2.jpg,tc,3373,649,3765,649,3765,1069,3373,1069
TRAIN,out/45_flip2.jpg,kenarcizgi,60,134,242,134,242,2033,60,2033
TRAIN,out/45_flip2.jpg,kitapcik_cinsiyet,1530,1432,1956,1432,1956,1572,1530,1572
TRAIN,out/45_flip2.jpg,sayisal,2280,137,2658,137,2658,971,2280,971
TRAIN,out/45_flip2.jpg,soyadi_adi,509,1039,1274,1039,1274,2033,509,2033
TRAIN,out/45_flip2.jpg,kenarcizgi,3676,155,3878,155,3878,2081,3676,2081
TRAIN,out/45_flip2.jpg,kurum_ogrenci_no,3292,1060,3745,1060,3745,1468,3292,1468
TRAIN,out/45_flip2.jpg,sayisal,441,137,846,137,846,953,441,953
TRAIN,out/45_flip2.jpg,bilgiler_elle,1373,1569,1959,1569,1959,2024,1373,2024
TRAIN,out/45_flip2.jpg,sozel,2637,149,3343,149,3343,974,2637,974
TRAIN,out/45_flip2.jpg,sinif_sube,1236,1125,1396,1125,1396,2024,1236,2024
TRAIN,out/45_flip2.jpg,sinif_sube,2962,1143,3117,1143,3117,2054,2962,2054
TRAIN,out/45_flip2.jpg,kurum_ogrenci_no,1521,1039,1950,1039,1950,1432,1521,1432
TRAIN,out/45_flip2.jpg,soyadi_adi,2274,1048,2995,1048,2995,2051,2274,2051
TRAIN,out/45_flip2.jpg,cevaplar,447,134,1518,134,1518,1030,447,1030
TRAIN,out/45_flip2.jpg,bilgiler_elle,3093,1608,3688,1608,3688,2066,3093,2066
TRAIN,out/4_flip2.jpg,kurum_ogrenci_no,253,774,727,774,727,1167,253,1167
TRAIN,out/4_flip2.jpg,kenarcizgi,3307,203,3593,203,3593,1983,3307,1983
TRAIN,out/4_flip2.jpg,sinif_sube,923,224,1072,224,1072,1099,923,1099
TRAIN,out/4_flip2.jpg,cevaplar,593,1170,1703,1170,1703,2069,593,2069
TRAIN,out/4_flip2.jpg,bilgiler_elle,3358,203,3956,203,3956,620,3358,620
TRAIN,out/4_flip2.jpg,bilgiler_elle,361,215,956,215,956,643,361,643
TRAIN,out/4_flip2.jpg,tc,200,1158,617,1158,617,1569,200,1569
TRAIN,out/4_flip2.jpg,kurum_ogrenci_no,3429,756,3878,756,3878,1114,3429,1114
TRAIN,out/4_flip2.jpg,soyadi_adi,986,245,1730,245,1730,1191,986,1191
TRAIN,out/4_flip2.jpg,sayisal,1310,1256,1709,1256,1709,2093,1310,2093
TRAIN,out/4_flip2.jpg,sozel,608,1245,1352,1245,1352,2108,608,2108
TRAIN,out/4_flip2.jpg,kenarcizgi,54,200,375,200,375,2048,54,2048
TRAIN,out/4_flip2.jpg,kitapcik_cinsiyet,328,634,730,634,730,768,328,768
TRAIN,out/4_flip2.jpg,tc,1896,1224,2277,1224,2277,1631,1896,1631
TRAIN,out/4_flip2.jpg,tc,3480,1111,3893,1111,3893,1512,3480,1512
TRAIN,out/4_flip2.jpg,soyadi_adi,2581,310,3319,310,3319,1248,2581,1248
TRAIN,out/4_flip2.jpg,sozel,2343,1304,3042,1304,3042,2140,2343,2140
TRAIN,out/4_flip2.jpg,kenarcizgi,1831,271,1899,271,1899,2128,1831,2128
TRAIN,out/4_flip2.jpg,kitapcik_cinsiyet,1902,706,2316,706,2316,849,1902,849
TRAIN,out/4_flip2.jpg,cevaplar,2328,1230,3414,1230,3414,2137,2328,2137
TRAIN,out/4_flip2.jpg,kitapcik_cinsiyet,3423,626,3825,626,3825,745,3423,745
TRAIN,out/4_flip2.jpg,bilgiler_elle,1911,280,2468,280,2468,724,1911,724
TRAIN,out/4_flip2.jpg,sayisal,2986,1304,3399,1304,3399,2134,2986,2134
TRAIN,out/4_flip2.jpg,sinif_sube,2459,304,2608,304,2608,1155,2459,1155
TRAIN,out/4_flip2.jpg,kurum_ogrenci_no,1899,852,2328,852,2328,1224,1899,1224
TRAIN,out/92_flip2.jpg,kitapcik_cinsiyet,2840,149,3024,149,3024,706,2840,706
TRAIN,out/92_flip2.jpg,kenarcizgi,1164,54,3667,54,3667,140,1164,140
TRAIN,out/92_flip2.jpg,sayisal,1167,1608,2218,1608,2218,2051,1167,2051
TRAIN,out/92_flip2.jpg,sozel,1173,742,2218,742,2218,1596,1173,1596
TRAIN,out/92_flip2.jpg,bilgiler_elle,3030,155,3634,155,3634,911,3030,911
TRAIN,out/92_flip2.jpg,sinif_sube,2423,911,3631,911,3631,1090,2423,1090
TRAIN,out/92_flip2.jpg,kurum_ogrenci_no,2307,146,2837,146,2837,727,2307,727
TRAIN,out/92_flip2.jpg,tc,1780,152,2316,152,2316,649,1780,649
TRAIN,out/92_flip2.jpg,cevaplar,1173,739,2322,739,2322,2060,1173,2060
TRAIN,out/92_flip2.jpg,soyadi_adi,2325,1096,3643,1096,3643,2015,2325,2015
TRAIN,out/96_flip2.jpg,sozel,995,828,2096,828,2096,1736,995,1736
TRAIN,out/96_flip2.jpg,tc,1667,233,2215,233,2215,739,1667,739
TRAIN,out/96_flip2.jpg,kitapcik_cinsiyet,2762,245,2962,245,2962,825,2762,825
TRAIN,out/96_flip2.jpg,soyadi_adi,2212,1224,3605,1224,3605,2194,2212,2194
TRAIN,out/96_flip2.jpg,sayisal,1006,1753,2090,1753,2090,2212,1006,2212
TRAIN,out/96_flip2.jpg,bilgiler_elle,2968,253,3593,253,3593,1048,2968,1048
TRAIN,out/96_flip2.jpg,kenarcizgi,1012,123,3625,123,3625,227,1012,227
TRAIN,out/96_flip2.jpg,sinif_sube,2328,1048,3602,1048,3602,1224,2328,1224
TRAIN,out/96_flip2.jpg,kurum_ogrenci_no,2218,236,2759,236,2759,831,2218,831
TRAIN,out/96_flip2.jpg,cevaplar,989,822,2197,822,2197,2212,989,2212
TRAIN,out/78_flip2.jpg,sayisal,111,1159,582,1159,582,2236,111,2236
TRAIN,out/78_flip2.jpg,cevaplar,92,1135,1486,1135,1486,2323,92,2323
TRAIN,out/78_flip2.jpg,sinif_sube,1101,2467,1279,2467,1279,3717,1101,3717
TRAIN,out/78_flip2.jpg,bilgiler_elle,1265,3077,2058,3077,2058,3717,1265,3717
TRAIN,out/78_flip2.jpg,tc,1573,1794,2101,1794,2101,2347,1573,2347
TRAIN,out/78_flip2.jpg,sozel,582,1150,1481,1150,1481,2231,582,2231
TRAIN,out/78_flip2.jpg,kitapcik_cinsiyet,1491,2885,2058,2885,2058,3073,1491,3073
TRAIN,out/78_flip2.jpg,kurum_ogrenci_no,1486,2347,2053,2347,2053,2875,1486,2875
TRAIN,out/78_flip2.jpg,kenarcizgi,2063,1125,2174,1125,2174,3731,2063,3731
TRAIN,out/78_flip2.jpg,soyadi_adi,121,2356,1121,2356,1121,3712,121,3712
TRAIN,out/25_flip2.jpg,bilgiler_elle,3030,248,3623,248,3623,1015,3030,1015
TRAIN,out/25_flip2.jpg,tc,1822,164,2340,164,2340,661,1822,661
TRAIN,out/25_flip2.jpg,cevaplar,1099,682,2307,682,2307,2063,1099,2063
TRAIN,out/25_flip2.jpg,sayisal,1099,1542,2179,1542,2179,2048,1099,2048
TRAIN,out/25_flip2.jpg,kenarcizgi,1253,33,3643,33,3643,265,1253,265
TRAIN,out/25_flip2.jpg,kurum_ogrenci_no,2331,221,2849,221,2849,759,2331,759
TRAIN,out/25_flip2.jpg,kitapcik_cinsiyet,2846,239,3033,239,3033,786,2846,786
TRAIN,out/25_flip2.jpg,sozel,1134,667,2197,667,2197,1578,1134,1578
TRAIN,out/25_flip2.jpg,sinif_sube,2426,1012,3608,1012,3608,1182,2426,1182
TRAIN,out/25_flip2.jpg,soyadi_adi,2283,1108,3614,1108,3614,2111,2283,2111
TRAIN,out/89_flip2.jpg,tc,1631,1530,2140,1530,2140,2030,1631,2030
TRAIN,out/89_flip2.jpg,sozel,1745,628,2768,628,2768,1459,1745,1459
TRAIN,out/89_flip2.jpg,kenarcizgi,295,1995,2745,1995,2745,2143,295,2143
TRAIN,out/89_flip2.jpg,soyadi_adi,352,170,1652,170,1652,1081,352,1081
TRAIN,out/89_flip2.jpg,kitapcik_cinsiyet,929,1450,1120,1450,1120,1995,929,1995
TRAIN,out/89_flip2.jpg,sinif_sube,358,1069,1515,1069,1515,1224,358,1224
TRAIN,out/89_flip2.jpg,sayisal,1759,173,2789,173,2789,614,1759,614
TRAIN,out/89_flip2.jpg,kurum_ogrenci_no,334,1239,938,1239,938,1992,334,1992
TRAIN,out/89_flip2.jpg,cevaplar,1652,170,2792,170,2792,1474,1652,1474
TRAIN,out/89_flip2.jpg,kurum_ogrenci_no,1111,1456,1628,1456,1628,2012,1111,2012
TRAIN,out/30_flip2.jpg,sozel,1173,765,2215,765,2215,1620,1173,1620
TRAIN,out/30_flip2.jpg,kurum_ogrenci_no,2328,209,2834,209,2834,777,2328,777
TRAIN,out/30_flip2.jpg,sinif_sube,2435,974,3625,974,3625,1134,2435,1134
TRAIN,out/30_flip2.jpg,bilgiler_elle,3039,215,3640,215,3640,956,3039,956
TRAIN,out/30_flip2.jpg,sayisal,1179,1643,2212,1643,2212,2096,1179,2096
TRAIN,out/30_flip2.jpg,tc,1801,206,2316,206,2316,694,1801,694
TRAIN,out/30_flip2.jpg,kenarcizgi,1179,102,3649,102,3649,194,1179,194
TRAIN,out/30_flip2.jpg,soyadi_adi,2319,1131,3646,1131,3646,2057,2319,2057
TRAIN,out/30_flip2.jpg,kitapcik_cinsiyet,2846,218,3039,218,3039,759,2846,759
TRAIN,out/30_flip2.jpg,cevaplar,1155,777,2313,777,2313,2093,1155,2093
TRAIN,out/3_flip2.jpg,sayisal,1349,1322,1730,1322,1730,2167,1349,2167
TRAIN,out/3_flip2.jpg,kenarcizgi,1840,176,1920,176,1920,2027,1840,2027
TRAIN,out/3_flip2.jpg,tc,176,1239,617,1239,617,1649,176,1649
TRAIN,out/3_flip2.jpg,kitapcik_cinsiyet,289,682,736,682,736,831,289,831
TRAIN,out/3_flip2.jpg,bilgiler_elle,307,236,953,236,953,691,307,691
TRAIN,out/3_flip2.jpg,cevaplar,611,1236,1730,1236,1730,2173,611,2173
TRAIN,out/3_flip2.jpg,kitapcik_cinsiyet,3569,554,3983,554,3983,694,3569,694
TRAIN,out/3_flip2.jpg,soyadi_adi,986,271,1739,271,1739,1227,986,1227
TRAIN,out/3_flip2.jpg,sinif_sube,929,268,1060,268,1060,1152,929,1152
TRAIN,out/3_flip2.jpg,kurum_ogrenci_no,239,825,715,825,715,1230,239,1230
TRAIN,out/3_flip2.jpg,sozel,611,1316,1378,1316,1378,2188,611,2188
TRAIN,out/3_flip2.jpg,kenarcizgi,33,230,334,230,334,2170,33,2170
TRAIN,out/3_flip2.jpg,soyadi_adi,2551,185,3328,185,3328,1105,2551,1105
TRAIN,out/3_flip2.jpg,sinif_sube,2438,188,2608,188,2608,1024,2438,1024
TRAIN,out/3_flip2.jpg,kurum_ogrenci_no,1902,750,2346,750,2346,1117,1902,1117
TRAIN,out/3_flip2.jpg,sozel,2355,1206,3069,1206,3069,2018,2355,2018
TRAIN,out/3_flip2.jpg,kitapcik_cinsiyet,1905,620,2325,620,2325,736,1905,736
TRAIN,out/3_flip2.jpg,bilgiler_elle,1890,188,2480,188,2480,611,1890,611
TRAIN,out/3_flip2.jpg,cevaplar,2343,1117,3423,1117,3423,2015,2343,2015
TRAIN,out/3_flip2.jpg,tc,1905,1128,2310,1128,2310,1518,1905,1518
TRAIN,out/3_flip2.jpg,kenarcizgi,3453,105,3771,105,3771,1983,3453,1983
TRAIN,out/3_flip2.jpg,sayisal,3009,1200,3432,1200,3432,1995,3009,1995
TRAIN,out/84_flip2.jpg,sayisal,1893,259,2929,259,2929,676,1893,676
TRAIN,out/84_flip2.jpg,bilgiler_elle,477,1340,1099,1340,1099,2075,477,2075
TRAIN,out/84_flip2.jpg,tc,1774,1614,2322,1614,2322,2105,1774,2105
TRAIN,out/84_flip2.jpg,kitapcik_cinsiyet,1075,1554,1277,1554,1277,2081,1075,2081
TRAIN,out/84_flip2.jpg,cevaplar,1804,253,2932,253,2932,1542,1804,1542
TRAIN,out/84_flip2.jpg,sinif_sube,468,1167,1679,1167,1679,1334,468,1334
TRAIN,out/84_flip2.jpg,soyadi_adi,489,265,1807,265,1807,1188,489,1188
TRAIN,out/84_flip2.jpg,kurum_ogrenci_no,1283,1548,1795,1548,1795,2099,1283,2099
TRAIN,out/84_flip2.jpg,kenarcizgi,450,2102,2923,2102,2923,2200,450,2200
TRAIN,out/84_flip2.jpg,sozel,1893,712,2920,712,2920,1536,1893,1536
TRAIN,out/18_flip2.jpg,kenarcizgi,1102,179,3518,179,3518,298,1102,298
TRAIN,out/18_flip2.jpg,sinif_sube,2364,1042,3498,1042,3498,1194,2364,1194
TRAIN,out/18_flip2.jpg,tc,1748,289,2250,289,2250,762,1748,762
TRAIN,out/18_flip2.jpg,sozel,1134,840,2149,840,2149,1676,1134,1676
TRAIN,out/18_flip2.jpg,kitapcik_cinsiyet,2748,310,2920,310,2920,843,2748,843
TRAIN,out/18_flip2.jpg,kenarcizgi,1128,843,2233,843,2233,2146,1128,2146
TRAIN,out/18_flip2.jpg,bilgiler_elle,2932,313,3506,313,3506,1033,2932,1033
TRAIN,out/18_flip2.jpg,sayisal,1105,1679,2161,1679,2161,2137,1105,2137
TRAIN,out/18_flip2.jpg,kurum_ogrenci_no,2250,304,2748,304,2748,843,2250,843
TRAIN,out/18_flip2.jpg,soyadi_adi,2250,1209,3503,1209,3503,2105,2250,2105
TRAIN,out/35_flip2.jpg,kitapcik_cinsiyet,2730,271,2908,271,2908,771,2730,771
TRAIN,out/35_flip2.jpg,kenarcizgi,1179,182,3486,182,3486,259,1179,259
TRAIN,out/35_flip2.jpg,bilgiler_elle,2905,259,3480,259,3480,959,2905,959
TRAIN,out/35_flip2.jpg,soyadi_adi,2259,1123,3500,1123,3500,1977,2259,1977
TRAIN,out/35_flip2.jpg,kurum_ogrenci_no,2259,265,2730,265,2730,783,2259,783
TRAIN,out/35_flip2.jpg,sozel,1221,807,2173,807,2173,1578,1221,1578
TRAIN,out/35_flip2.jpg,sinif_sube,2349,941,3468,941,3468,1111,2349,1111
TRAIN,out/35_flip2.jpg,cevaplar,1212,810,2262,810,2262,1998,1212,1998
TRAIN,out/35_flip2.jpg,sayisal,1227,1557,2167,1557,2167,1986,1227,1986
TRAIN,out/35_flip2.jpg,tc,1762,271,2256,271,2256,718,1762,718
TRAIN,out/29_flip2.jpg,bilgiler_elle,3063,75,3727,75,3727,864,3063,864
TRAIN,out/29_flip2.jpg,cevaplar,1033,703,2292,703,2292,2137,1033,2137
TRAIN,out/29_flip2.jpg,kurum_ogrenci_no,2277,45,2831,45,2831,676,2277,676
TRAIN,out/29_flip2.jpg,sayisal,1063,1637,2182,1637,2182,2120,1063,2120
TRAIN,out/29_flip2.jpg,soyadi_adi,2280,1072,3748,1072,3748,2087,2280,2087
TRAIN,out/29_flip2.jpg,kitapcik_cinsiyet,2849,54,3048,54,3048,655,2849,655
TRAIN,out/29_flip2.jpg,sozel,1033,718,2170,718,2170,1637,1033,1637
TRAIN,out/29_flip2.jpg,tc,1694,57,2259,57,2259,611,1694,611
TRAIN,out/29_flip2.jpg,sinif_sube,2399,881,3724,881,3724,1063,2399,1063
TRAIN,out/32_flip2.jpg,kenarcizgi,194,6,349,6,349,1929,194,1929
TRAIN,out/32_flip2.jpg,sozel,2867,128,3551,128,3551,962,2867,962
TRAIN,out/32_flip2.jpg,soyadi_adi,712,1027,1447,1027,1447,2048,712,2048
TRAIN,out/32_flip2.jpg,bilgiler_elle,1566,1581,2143,1581,2143,2054,1566,2054
TRAIN,out/32_flip2.jpg,sayisal,682,99,1066,99,1066,935,682,935
TRAIN,out/32_flip2.jpg,kurum_ogrenci_no,3503,1051,3968,1051,3968,1459,3503,1459
TRAIN,out/32_flip2.jpg,bilgiler_elle,3313,1620,3938,1620,3938,2087,3313,2087
TRAIN,out/32_flip2.jpg,cevaplar,2483,120,3560,120,3560,1042,2483,1042
TRAIN,out/32_flip2.jpg,tc,3593,620,3998,620,3998,1051,3593,1051
TRAIN,out/32_flip2.jpg,sinif_sube,3185,1155,3328,1155,3328,2078,3185,2078
TRAIN,out/32_flip2.jpg,sozel,1045,120,1739,120,1739,947,1045,947
TRAIN,out/32_flip2.jpg,cevaplar,703,90,1727,90,1727,1036,703,1036
TRAIN,out/32_flip2.jpg,kurum_ogrenci_no,1727,1045,2167,1045,2167,1444,1727,1444
TRAIN,out/32_flip2.jpg,soyadi_adi,2474,1057,3227,1057,3227,2081,2474,2081
TRAIN,out/32_flip2.jpg,sayisal,2489,114,2852,114,2852,965,2489,965
TRAIN,out/32_flip2.jpg,kitapcik_cinsiyet,1730,1438,2158,1438,2158,1596,1730,1596
TRAIN,out/32_flip2.jpg,kenarcizgi,2158,99,2248,99,2248,2102,2158,2102
TRAIN,out/32_flip2.jpg,sinif_sube,1438,1134,1587,1134,1587,2048,1438,2048
TRAIN,out/32_flip2.jpg,kitapcik_cinsiyet,3500,1468,3962,1468,3962,1614,3500,1614
TRAIN,out/32_flip2.jpg,tc,1786,611,2188,611,2188,1060,1786,1060
TRAIN,out/47_flip2.jpg,kenarcizgi,1822,188,1899,188,1899,2057,1822,2057
TRAIN,out/47_flip2.jpg,cevaplar,328,191,1393,191,1393,1078,328,1078
TRAIN,out/47_flip2.jpg,soyadi_adi,423,1081,1170,1081,1170,2036,423,2036
TRAIN,out/47_flip2.jpg,bilgiler_elle,1265,1599,1846,1599,1846,2051,1265,2051
TRAIN,out/47_flip2.jpg,kurum_ogrenci_no,1405,1090,1843,1090,1843,1477,1405,1477
TRAIN,out/47_flip2.jpg,kenarcizgi,3518,206,3691,206,3691,2054,3518,2054
TRAIN,out/47_flip2.jpg,cevaplar,2131,191,3161,191,3161,1090,2131,1090
TRAIN,out/47_flip2.jpg,kitapcik_cinsiyet,1414,1465,1837,1465,1837,1611,1414,1611
TRAIN,out/47_flip2.jpg,tc,1441,679,1825,679,1825,1087,1441,1087
TRAIN,out/47_flip2.jpg,sinif_sube,1131,1164,1298,1164,1298,2033,1131,2033
TRAIN,out/47_flip2.jpg,sozel,2477,197,3158,197,3158,1012,2477,1012
TRAIN,out/47_flip2.jpg,sayisal,343,209,756,209,756,1003,343,1003
TRAIN,out/47_flip2.jpg,soyadi_adi,2140,1081,2834,1081,2834,2033,2140,2033
TRAIN,out/47_flip2.jpg,sayisal,2131,197,2474,197,2474,1006,2131,1006
TRAIN,out/47_flip2.jpg,bilgiler_elle,2941,1605,3536,1605,3536,2042,2941,2042
TRAIN,out/47_flip2.jpg,sozel,706,185,1408,185,1408,1003,706,1003
TRAIN,out/47_flip2.jpg,kurum_ogrenci_no,3125,1078,3560,1078,3560,1465,3125,1465
TRAIN,out/47_flip2.jpg,kitapcik_cinsiyet,3105,1462,3530,1462,3530,1608,3105,1608
TRAIN,out/47_flip2.jpg,tc,3206,673,3581,673,3581,1084,3206,1084
TRAIN,out/47_flip2.jpg,sinif_sube,2819,1158,2953,1158,2953,2039,2819,2039
TRAIN,out/69_flip2.jpg,cevaplar,1084,789,2319,789,2319,2191,1084,2191
TRAIN,out/69_flip2.jpg,kurum_ogrenci_no,2310,164,2867,164,2867,780,2310,780
TRAIN,out/69_flip2.jpg,sayisal,1090,1730,2218,1730,2218,2179,1090,2179
TRAIN,out/69_flip2.jpg,bilgiler_elle,3087,182,3759,182,3759,980,3087,980
TRAIN,out/69_flip2.jpg,sinif_sube,2426,992,3748,992,3748,1176,2426,1176
TRAIN,out/69_flip2.jpg,sozel,1096,798,2209,798,2209,1709,1096,1709
TRAIN,out/69_flip2.jpg,kenarcizgi,1048,69,3780,69,3780,158,1048,158
TRAIN,out/69_flip2.jpg,tc,1742,179,2310,179,2310,703,1742,703
TRAIN,out/69_flip2.jpg,kitapcik_cinsiyet,2873,179,3072,179,3072,762,2873,762
TRAIN,out/69_flip2.jpg,soyadi_adi,2304,1167,3777,1167,3777,2176,2304,2176
TRAIN,out/42_flip2.jpg,tc,1780,313,2262,313,2262,759,1780,759
TRAIN,out/42_flip2.jpg,sozel,1227,828,2161,828,2161,1620,1227,1620
TRAIN,out/42_flip2.jpg,soyadi_adi,2250,1161,3506,1161,3506,2024,2250,2024
TRAIN,out/42_flip2.jpg,kenarcizgi,1158,233,3492,233,3492,298,1158,298
TRAIN,out/42_flip2.jpg,kitapcik_cinsiyet,2733,304,2926,304,2926,828,2733,828
TRAIN,out/42_flip2.jpg,sinif_sube,2364,998,3474,998,3474,1170,2364,1170
TRAIN,out/42_flip2.jpg,sayisal,1230,1620,2164,1620,2164,2033,1230,2033
TRAIN,out/42_flip2.jpg,bilgiler_elle,2905,304,3486,304,3486,1012,2905,1012
TRAIN,out/42_flip2.jpg,cevaplar,1212,825,2277,825,2277,2030,1212,2030
TRAIN,out/42_flip2.jpg,kurum_ogrenci_no,2262,313,2733,313,2733,837,2262,837
TRAIN,out/85_flip2.jpg,kitapcik_cinsiyet,1066,1530,1245,1530,1245,2066,1066,2066
TRAIN,out/85_flip2.jpg,cevaplar,1724,230,2846,230,2846,1498,1724,1498
TRAIN,out/85_flip2.jpg,soyadi_adi,435,268,1745,268,1745,1155,435,1155
TRAIN,out/85_flip2.jpg,tc,1745,1593,2262,1593,2262,2054,1745,2054
TRAIN,out/85_flip2.jpg,sayisal,1837,245,2840,245,2840,679,1837,679
TRAIN,out/85_flip2.jpg,bilgiler_elle,462,1337,1057,1337,1057,2063,462,2063
TRAIN,out/85_flip2.jpg,kenarcizgi,423,2090,2873,2090,2873,2143,423,2143
TRAIN,out/85_flip2.jpg,sozel,1834,676,2849,676,2849,1492,1834,1492
TRAIN,out/85_flip2.jpg,sinif_sube,447,1170,1634,1170,1634,1334,447,1334
TRAIN,out/85_flip2.jpg,kurum_ogrenci_no,1253,1524,1753,1524,1753,2066,1253,2066
TRAIN,out/8_flip2.jpg,soyadi_adi,697,1069,1459,1069,1459,2001,697,2001
TRAIN,out/8_flip2.jpg,tc,3390,626,3795,626,3795,1039,3390,1039
TRAIN,out/8_flip2.jpg,kenarcizgi,2114,146,2191,146,2191,2030,2114,2030
TRAIN,out/8_flip2.jpg,kurum_ogrenci_no,3295,1051,3753,1051,3753,1444,3295,1444
TRAIN,out/8_flip2.jpg,sozel,2646,131,3334,131,3334,980,2646,980
TRAIN,out/8_flip2.jpg,bilgiler_elle,102,1727,682,1727,682,2137,102,2137
TRAIN,out/8_flip2.jpg,kitapcik_cinsiyet,1703,1429,2146,1429,2146,1575,1703,1575
TRAIN,out/8_flip2.jpg,cevaplar,2268,143,3343,143,3343,1051,2268,1051
TRAIN,out/8_flip2.jpg,bilgiler_elle,3120,1590,3715,1590,3715,2018,3120,2018
TRAIN,out/8_flip2.jpg,kurum_ogrenci_no,167,1224,634,1224,634,1599,167,1599
TRAIN,out/8_flip2.jpg,sayisal,2274,167,2640,167,2640,1000,2274,1000
TRAIN,out/8_flip2.jpg,sinif_sube,1426,1146,1587,1146,1587,1998,1426,1998
TRAIN,out/8_flip2.jpg,kitapcik_cinsiyet,3286,1429,3727,1429,3727,1587,3286,1587
TRAIN,out/8_flip2.jpg,tc,176,831,587,831,587,1221,176,1221
TRAIN,out/8_flip2.jpg,kenarcizgi,483,355,748,355,748,2155,483,2155
TRAIN,out/8_flip2.jpg,kurum_ogrenci_no,1688,1063,2140,1063,2140,1432,1688,1432
TRAIN,out/8_flip2.jpg,sozel,959,158,1685,158,1685,983,959,983
TRAIN,out/8_flip2.jpg,sinif_sube,2989,1146,3117,1146,3117,2027,2989,2027
TRAIN,out/8_flip2.jpg,kitapcik_cinsiyet,218,1596,631,1596,631,1727,218,1727
TRAIN,out/8_flip2.jpg,cevaplar,590,176,1697,176,1697,1060,590,1060
TRAIN,out/8_flip2.jpg,bilgiler_elle,1560,1581,2152,1581,2152,2003,1560,2003
TRAIN,out/8_flip2.jpg,tc,1712,623,2149,623,2149,1063,1712,1063
TRAIN,out/8_flip2.jpg,kenarcizgi,3688,120,3932,120,3932,2033,3688,2033
TRAIN,out/8_flip2.jpg,sayisal,596,164,1012,164,1012,998,596,998
TRAIN,out/8_flip2.jpg,soyadi_adi,2280,1072,3006,1072,3006,2024,2280,2024
TRAIN,out/1_flip2.jpg,kenarcizgi,1901,1223,2076,1223,2076,3609,1901,3609
TRAIN,out/1_flip2.jpg,sozel,556,1165,1409,1165,1409,2207,556,2207
TRAIN,out/1_flip2.jpg,tc,1478,1805,1965,1805,1965,2323,1478,2323
TRAIN,out/1_flip2.jpg,kitapcik_cinsiyet,1372,2810,1917,2810,1917,3016,1372,3016
TRAIN,out/1_flip2.jpg,soyadi_adi,112,2270,1012,2270,1012,3556,112,3556
TRAIN,out/1_flip2.jpg,bilgiler_elle,1170,2985,1917,2985,1917,3588,1170,3588
TRAIN,out/1_flip2.jpg,sayisal,112,1149,588,1149,588,2202,112,2202
TRAIN,out/1_flip2.jpg,sinif_sube,1001,2418,1165,2418,1165,3545,1001,3545
TRAIN,out/1_flip2.jpg,kurum_ogrenci_no,1388,2307,1943,2307,1943,2815,1388,2815
TRAIN,out/1_flip2.jpg,cevaplar,112,1154,1409,1154,1409,2302,112,2302
TRAIN,out/98_flip2.jpg,sinif_sube,2295,1114,3524,1114,3524,1325,2295,1325
TRAIN,out/98_flip2.jpg,kurum_ogrenci_no,2215,271,2765,271,2765,855,2215,855
TRAIN,out/98_flip2.jpg,bilgiler_elle,2920,343,3548,343,3548,1155,2920,1155
TRAIN,out/98_flip2.jpg,cevaplar,828,688,2188,688,2188,2170,828,2170
TRAIN,out/98_flip2.jpg,sozel,908,688,2081,688,2081,1658,908,1658
TRAIN,out/98_flip2.jpg,soyadi_adi,2090,1188,3524,1188,3524,2248,2090,2248
TRAIN,out/98_flip2.jpg,tc,1685,194,2256,194,2256,718,1685,718
TRAIN,out/98_flip2.jpg,kitapcik_cinsiyet,2742,328,2950,328,2950,873,2742,873
TRAIN,out/98_flip2.jpg,kenarcizgi,1111,33,3569,33,3569,396,1111,396
TRAIN,out/98_flip2.jpg,sayisal,828,1605,2003,1605,2003,2149,828,2149
TRAIN,out/46_flip2.jpg,sozel,608,233,1298,233,1298,1039,608,1039
TRAIN,out/46_flip2.jpg,kurum_ogrenci_no,3146,1069,3566,1069,3566,1462,3146,1462
TRAIN,out/46_flip2.jpg,cevaplar,245,248,1301,248,1301,1120,245,1120
TRAIN,out/46_flip2.jpg,kenarcizgi,3554,173,3691,173,3691,2057,3554,2057
TRAIN,out/46_flip2.jpg,cevaplar,2131,182,3152,182,3152,1093,2131,1093
TRAIN,out/46_flip2.jpg,kurum_ogrenci_no,1325,1123,1756,1123,1756,1500,1325,1500
TRAIN,out/46_flip2.jpg,sinif_sube,2849,1173,2983,1173,2983,2051,2849,2051
TRAIN,out/46_flip2.jpg,sayisal,2128,209,2468,209,2468,1024,2128,1024
TRAIN,out/46_flip2.jpg,bilgiler_elle,2968,1602,3554,1602,3554,2048,2968,2048
TRAIN,out/46_flip2.jpg,bilgiler_elle,1203,1646,1759,1646,1759,2084,1203,2084
TRAIN,out/46_flip2.jpg,kitapcik_cinsiyet,1349,1512,1756,1512,1756,1637,1349,1637
TRAIN,out/46_flip2.jpg,sinif_sube,1045,1212,1218,1212,1218,2084,1045,2084
TRAIN,out/46_flip2.jpg,sayisal,248,253,658,253,658,1045,248,1045
TRAIN,out/46_flip2.jpg,kenarcizgi,1742,242,1831,242,1831,2096,1742,2096
TRAIN,out/46_flip2.jpg,tc,1355,706,1756,706,1756,1108,1355,1108
TRAIN,out/46_flip2.jpg,sinif_sube,2146,1102,2855,1102,2855,2081,2146,2081
TRAIN,out/46_flip2.jpg,tc,3224,670,3581,670,3581,1057,3224,1057
TRAIN,out/46_flip2.jpg,soyadi_adi,334,1146,1090,1146,1090,2102,334,2102
TRAIN,out/46_flip2.jpg,kitapcik_cinsiyet,3143,1468,3578,1468,3578,1605,3143,1605
TRAIN,out/46_flip2.jpg,sozel,2483,182,3140,182,3140,1006,2483,1006
TRAIN,out/63_flip2.jpg,tc,1783,209,2283,209,2283,658,1783,658
TRAIN,out/63_flip2.jpg,bilgiler_elle,2992,209,3587,209,3587,938,2992,938
TRAIN,out/63_flip2.jpg,sayisal,1176,1602,2173,1602,2173,2009,1176,2009
TRAIN,out/63_flip2.jpg,cevaplar,1194,762,2268,762,2268,2012,1194,2012
TRAIN,out/63_flip2.jpg,kitapcik_cinsiyet,2807,200,2980,200,2980,733,2807,733
TRAIN,out/63_flip2.jpg,soyadi_adi,2289,1120,3593,1120,3593,2009,2289,2009
TRAIN,out/63_flip2.jpg,sinif_sube,2396,947,3590,947,3590,1114,2396,1114
TRAIN,out/63_flip2.jpg,kenarcizgi,1185,99,3608,99,3608,176,1185,176
TRAIN,out/63_flip2.jpg,sozel,1176,748,2173,748,2173,1566,1176,1566
TRAIN,out/63_flip2.jpg,kurum_ogrenci_no,2289,194,2786,194,2786,739,2289,739
TRAIN,out/36_flip2.jpg,kenarcizgi,1172,284,3489,284,3489,369,1172,369
TRAIN,out/36_flip2.jpg,bilgiler_elle,2926,356,3489,356,3489,1067,2926,1067
TRAIN,out/36_flip2.jpg,sinif_sube,2374,1062,3502,1062,3502,1241,2374,1241
TRAIN,out/36_flip2.jpg,kitapcik_cinsiyet,2740,379,2901,379,2901,875,2740,875
TRAIN,out/36_flip2.jpg,sozel,1187,924,2159,924,2159,1742,1187,1742
TRAIN,out/36_flip2.jpg,cevaplar,1180,924,2272,924,2272,2184,1180,2184
TRAIN,out/36_flip2.jpg,kurum_ogrenci_no,2251,379,2724,379,2724,890,2251,890
TRAIN,out/36_flip2.jpg,sayisal,1200,1726,2174,1726,2174,2179,1200,2179
TRAIN,out/36_flip2.jpg,tc,1750,392,2233,392,2233,829,1750,829
TRAIN,out/36_flip2.jpg,kenarcizgi,1149,113,3469,113,3469,223,1149,223
TRAIN,out/36_flip2.jpg,soyadi_adi,2269,1230,3543,1230,3543,2130,2269,2130
TRAIN,out/38_flip2.jpg,bilgiler_elle,3152,1643,3736,1643,3736,2099,3152,2099
TRAIN,out/38_flip2.jpg,sayisal,426,78,819,78,819,896,426,896
TRAIN,out/38_flip2.jpg,cevaplar,2304,209,3319,209,3319,1105,2304,1105
TRAIN,out/38_flip2.jpg,bilgiler_elle,1373,1539,1959,1539,1959,2006,1373,2006
TRAIN,out/38_flip2.jpg,kurum_ogrenci_no,1524,992,1956,992,1956,1384,1524,1384
TRAIN,out/38_flip2.jpg,soyadi_adi,2316,1117,3024,1117,3024,2108,2316,2108
TRAIN,out/38_flip2.jpg,kitapcik_cinsiyet,3313,1495,3750,1495,3750,1637,3313,1637
TRAIN,out/38_flip2.jpg,sozel,2661,215,3319,215,3319,1024,2661,1024
TRAIN,out/38_flip2.jpg,kenarcizgi,1965,48,2021,48,2021,2024,1965,2024
TRAIN,out/38_flip2.jpg,kurum_ogrenci_no,3325,1105,3753,1105,3753,1495,3325,1495
TRAIN,out/38_flip2.jpg,kitapcik_cinsiyet,1536,1390,1950,1390,1950,1527,1536,1527
TRAIN,out/38_flip2.jpg,soyadi_adi,483,989,1233,989,1233,2003,483,2003
TRAIN,out/38_flip2.jpg,sinif_sube,1230,1075,1378,1075,1378,2001,1230,2001
TRAIN,out/38_flip2.jpg,sayisal,2319,224,2646,224,2646,1036,2319,1036
TRAIN,out/38_flip2.jpg,tc,3396,685,3768,685,3768,1084,3396,1084
TRAIN,out/38_flip2.jpg,sinif_sube,3024,1194,3146,1194,3146,2102,3024,2102
TRAIN,out/38_flip2.jpg,sozel,795,57,1495,57,1495,893,795,893
TRAIN,out/38_flip2.jpg,cevaplar,426,57,1495,57,1495,974,426,974
TRAIN,out/38_flip2.jpg,kenarcizgi,3745,203,3864,203,3864,2128,3745,2128
TRAIN,out/38_flip2.jpg,tc,1575,560,1950,560,1950,983,1575,983
TRAIN,out/44_flip2.jpg,kenarcizgi,1152,250,3429,250,3429,307,1152,307
TRAIN,out/44_flip2.jpg,soyadi_adi,2200,1179,3423,1179,3423,2024,2200,2024
TRAIN,out/44_flip2.jpg,kitapcik_cinsiyet,2673,331,2858,331,2858,840,2673,840
TRAIN,out/44_flip2.jpg,kurum_ogrenci_no,2197,337,2670,337,2670,834,2197,834
TRAIN,out/44_flip2.jpg,cevaplar,1155,852,2203,852,2203,2030,1155,2030
TRAIN,out/44_flip2.jpg,sinif_sube,2307,1015,3411,1015,3411,1167,2307,1167
TRAIN,out/44_flip2.jpg,bilgiler_elle,2849,328,3405,328,3405,1024,2849,1024
TRAIN,out/44_flip2.jpg,sayisal,1164,1649,2093,1649,2093,2033,1164,2033
TRAIN,out/44_flip2.jpg,sozel,1167,861,2093,861,2093,1625,1167,1625
TRAIN,out/44_flip2.jpg,tc,1712,322,2200,322,2200,777,1712,777
TRAIN,out/67_flip2.jpg,kitapcik_cinsiyet,1456,1426,1878,1426,1878,1563,1456,1563
TRAIN,out/67_flip2.jpg,soyadi_adi,414,1033,1188,1033,1188,2048,414,2048
TRAIN,out/67_flip2.jpg,sozel,2643,51,3349,51,3349,902,2643,902
TRAIN,out/67_flip2.jpg,tc,1480,611,1881,611,1881,1012,1480,1012
TRAIN,out/67_flip2.jpg,sinif_sube,1158,1131,1316,1131,1316,2036,1158,2036
TRAIN,out/67_flip2.jpg,kurum_ogrenci_no,3349,977,3792,977,3792,1384,3349,1384
TRAIN,out/67_flip2.jpg,cevaplar,2289,39,3355,39,3355,1003,2289,1003
TRAIN,out/67_flip2.jpg,cevaplar,319,108,1414,108,1414,1030,319,1030
TRAIN,out/67_flip2.jpg,kenarcizgi,1861,84,1956,84,1956,2045,1861,2045
TRAIN,out/67_flip2.jpg,soyadi_adi,1298,1578,1890,1578,1890,2036,1298,2036
TRAIN,out/67_flip2.jpg,soyadi_adi,2283,1003,3021,1003,3021,2027,2283,2027
TRAIN,out/67_flip2.jpg,sayisal,328,117,753,117,753,947,328,947
TRAIN,out/67_flip2.jpg,kitapcik_cinsiyet,3340,1396,3762,1396,3762,1524,3340,1524
TRAIN,out/67_flip2.jpg,bilgiler_elle,3167,1557,3765,1557,3765,2003,3167,2003
TRAIN,out/67_flip2.jpg,sozel,697,99,1420,99,1420,941,697,941
TRAIN,out/67_flip2.jpg,kenarcizgi,3774,15,3917,15,3917,2012,3774,2012
TRAIN,out/67_flip2.jpg,sinif_sube,3027,1093,3152,1093,3152,2003,3027,2003
TRAIN,out/67_flip2.jpg,tc,3411,539,3804,539,3804,962,3411,962
TRAIN,out/67_flip2.jpg,sayisal,2286,75,2634,75,2634,908,2286,908
TRAIN,out/67_flip2.jpg,kurum_ogrenci_no,1450,1021,1884,1021,1884,1423,1450,1423
TRAIN,out/76_flip2.jpg,sozel,659,1025,1549,1025,1549,2106,659,2106
TRAIN,out/76_flip2.jpg,kitapcik_cinsiyet,1601,2808,2164,2808,2164,2996,1601,2996
TRAIN,out/76_flip2.jpg,sinif_sube,1193,2371,1375,2371,1375,3659,1193,3659
TRAIN,out/76_flip2.jpg,tc,1678,1688,2183,1688,2183,2241,1678,2241
TRAIN,out/76_flip2.jpg,bilgiler_elle,1375,2991,2193,2991,2193,3669,1375,3669
TRAIN,out/76_flip2.jpg,sayisal,178,1025,654,1025,654,2111,178,2111
TRAIN,out/76_flip2.jpg,kurum_ogrenci_no,1587,2250,2188,2250,2188,2789,1587,2789
TRAIN,out/76_flip2.jpg,soyadi_adi,198,2246,1212,2246,1212,3664,198,3664
TRAIN,out/76_flip2.jpg,cevaplar,174,1025,1563,1025,1563,2212,174,2212
TRAIN,out/61_flip2.jpg,kurum_ogrenci_no,3245,1057,3697,1057,3697,1453,3245,1453
TRAIN,out/61_flip2.jpg,kenarcizgi,3658,117,3834,117,3834,2084,3658,2084
TRAIN,out/61_flip2.jpg,soyadi_adi,355,1027,1117,1027,1117,2027,355,2027
TRAIN,out/61_flip2.jpg,soyadi_adi,2197,1066,2917,1066,2917,2069,2197,2069
TRAIN,out/61_flip2.jpg,kitapcik_cinsiyet,1390,1432,1822,1432,1822,1560,1390,1560
TRAIN,out/61_flip2.jpg,sayisal,2200,158,2524,158,2524,986,2200,986
TRAIN,out/61_flip2.jpg,bilgiler_elle,3051,1611,3664,1611,3664,2069,3051,2069
TRAIN,out/61_flip2.jpg,bilgiler_elle,1236,1575,1834,1575,1834,2039,1236,2039
TRAIN,out/61_flip2.jpg,sayisal,250,114,676,114,676,932,250,932
TRAIN,out/61_flip2.jpg,tc,3319,634,3718,634,3718,1054,3319,1054
TRAIN,out/61_flip2.jpg,sinif_sube,1078,1111,1253,1111,1253,2027,1078,2027
TRAIN,out/61_flip2.jpg,kurum_ogrenci_no,1378,1021,1816,1021,1816,1423,1378,1423
TRAIN,out/61_flip2.jpg,kenarcizgi,1807,78,1884,78,1884,2048,1807,2048
TRAIN,out/61_flip2.jpg,sozel,631,111,1343,111,1343,926,631,926
TRAIN,out/61_flip2.jpg,sinif_sube,2908,1152,3045,1152,3045,2066,2908,2066
TRAIN,out/61_flip2.jpg,kitapcik_cinsiyet,3227,1465,3673,1465,3673,1605,3227,1605
TRAIN,out/61_flip2.jpg,cevaplar,233,108,1346,108,1346,1003,233,1003
TRAIN,out/61_flip2.jpg,sozel,2551,134,3256,134,3256,962,2551,962
TRAIN,out/61_flip2.jpg,tc,1426,605,1801,605,1801,1015,1426,1015
TRAIN,out/61_flip2.jpg,cevaplar,2197,128,3233,128,3233,1054,2197,1054
TRAIN,out/11_flip2.jpg,cevaplar,583,937,1493,937,1493,2059,583,2059
TRAIN,out/11_flip2.jpg,sinif_sube,1128,2313,1303,2313,1303,3567,1128,3567
TRAIN,out/11_flip2.jpg,kenarcizgi,2123,953,2245,953,2245,3583,2123,3583
TRAIN,out/11_flip2.jpg,kurum_ogrenci_no,1525,2196,2118,2196,2118,2747,1525,2747
TRAIN,out/11_flip2.jpg,soyadi_adi,112,2202,1118,2202,1118,3598,112,3598
TRAIN,out/11_flip2.jpg,sayisal,64,942,572,942,572,2080,64,2080
TRAIN,out/11_flip2.jpg,kitapcik_cinsiyet,1515,2752,2102,2752,2102,2958,1515,2958
TRAIN,out/11_flip2.jpg,tc,1610,1614,2134,1614,2134,2196,1610,2196
TRAIN,out/11_flip2.jpg,bilgiler_elle,1298,2948,2076,2948,2076,3583,1298,3583
TRAIN,out/11_flip2.jpg,cevaplar,69,932,1515,932,1515,2180,69,2180
TRAIN,out/81_flip2.jpg,kenarcizgi,140,304,286,304,286,2206,140,2206
TRAIN,out/81_flip2.jpg,kurum_ogrenci_no,2075,920,2480,920,2480,1280,2075,1280
TRAIN,out/81_flip2.jpg,soyadi_adi,989,322,1685,322,1685,1277,989,1277
TRAIN,out/81_flip2.jpg,kenarcizgi,1998,304,2057,304,2057,2143,1998,2143
TRAIN,out/81_flip2.jpg,kitapcik_cinsiyet,2084,777,2474,777,2474,905,2084,905
TRAIN,out/81_flip2.jpg,kenarcizgi,3679,319,3846,319,3846,2158,3679,2158
TRAIN,out/81_flip2.jpg,sinif_sube,884,322,1003,322,1003,1206,884,1206
TRAIN,out/81_flip2.jpg,sayisal,3143,1390,3518,1390,3518,2158,3143,2158
TRAIN,out/81_flip2.jpg,soyadi_adi,2739,346,3444,346,3444,1280,2739,1280
TRAIN,out/81_flip2.jpg,tc,2075,1283,2423,1283,2423,1676,2075,1676
TRAIN,out/81_flip2.jpg,sinif_sube,2623,352,2745,352,2745,1197,2623,1197
TRAIN,out/81_flip2.jpg,kitapcik_cinsiyet,280,771,700,771,700,896,280,896
TRAIN,out/81_flip2.jpg,cevaplar,670,1289,1688,1289,1688,2185,670,2185
TRAIN,out/81_flip2.jpg,sozel,673,1381,1343,1381,1343,2179,673,2179
TRAIN,out/81_flip2.jpg,sozel,2492,1375,3143,1375,3143,2152,2492,2152
TRAIN,out/81_flip2.jpg,kurum_ogrenci_no,280,917,691,917,691,1292,280,1292
TRAIN,out/81_flip2.jpg,bilgiler_elle,304,322,864,322,864,753,304,753
TRAIN,out/81_flip2.jpg,bilgiler_elle,2078,331,2620,331,2620,768,2078,768
TRAIN,out/81_flip2.jpg,tc,250,1298,620,1298,620,1691,250,1691
TRAIN,out/81_flip2.jpg,sayisal,1340,1375,1688,1375,1688,2170,1340,2170
TRAIN,out/81_flip2.jpg,cevaplar,2492,1298,3489,1298,3489,2161,2492,2161
TRAIN,out/91_flip2.jpg,kitapcik_cinsiyet,2697,111,2881,111,2881,688,2697,688
TRAIN,out/91_flip2.jpg,sinif_sube,2283,914,3500,914,3500,1078,2283,1078
TRAIN,out/91_flip2.jpg,tc,1608,120,2134,120,2134,608,1608,608
TRAIN,out/91_flip2.jpg,kenarcizgi,935,6,3542,6,3542,87,935,87
TRAIN,out/91_flip2.jpg,sozel,950,724,2030,724,2030,1602,950,1602
TRAIN,out/91_flip2.jpg,kurum_ogrenci_no,2158,120,2670,120,2670,691,2158,691
TRAIN,out/91_flip2.jpg,cevaplar,950,724,2143,724,2143,2090,950,2090
TRAIN,out/91_flip2.jpg,soyadi_adi,2155,1093,3506,1093,3506,2045,2155,2045
TRAIN,out/91_flip2.jpg,bilgiler_elle,2896,123,3518,123,3518,905,2896,905
TRAIN,out/91_flip2.jpg,sayisal,956,1625,2033,1625,2033,2084,956,2084
TRAIN,out/90_flip2.jpg,kenarcizgi,405,1932,2756,1932,2756,2245,405,2245
TRAIN,out/90_flip2.jpg,sayisal,1875,268,2962,268,2962,786,1875,786
TRAIN,out/90_flip2.jpg,tc,1670,1617,2179,1617,2179,2084,1670,2084
TRAIN,out/90_flip2.jpg,kitapcik_cinsiyet,998,1477,1179,1477,1179,1989,998,1989
TRAIN,out/90_flip2.jpg,soyadi_adi,441,143,1777,143,1777,1167,441,1167
TRAIN,out/90_flip2.jpg,bilgiler_elle,426,1227,1015,1227,1015,1965,426,1965
TRAIN,out/90_flip2.jpg,sozel,1807,742,2884,742,2884,1631,1807,1631
TRAIN,out/90_flip2.jpg,sinif_sube,444,1060,1614,1060,1614,1239,444,1239
TRAIN,out/90_flip2.jpg,kurum_ogrenci_no,1170,1495,1685,1495,1685,2036,1170,2036
TRAIN,out/90_flip2.jpg,cevaplar,1712,259,2962,259,2962,1631,1712,1631
TRAIN,out/0_flip2.jpg,bilgiler_elle,1140,3097,1909,3097,1909,3688,1140,3688
TRAIN,out/0_flip2.jpg,sayisal,29,1145,476,1145,476,2236,29,2236
TRAIN,out/0_flip2.jpg,kurum_ogrenci_no,1385,2371,1924,2371,1924,2885,1385,2885
TRAIN,out/0_flip2.jpg,sozel,505,1145,1371,1145,1371,2236,505,2236
TRAIN,out/0_flip2.jpg,sinif_sube,962,2476,1125,2476,1125,3693,962,3693
TRAIN,out/0_flip2.jpg,soyadi_adi,20,2366,976,2366,976,3698,20,3698
TRAIN,out/0_flip2.jpg,tc,1472,1837,1957,1837,1957,2366,1472,2366
TRAIN,out/0_flip2.jpg,cevaplar,20,1140,1385,1140,1385,2342,20,2342
TRAIN,out/0_flip2.jpg,kitapcik_cinsiyet,1375,2900,1900,2900,1900,3073,1375,3073
TRAIN,out/0_flip2.jpg,kenarcizgi,1924,1202,2082,1202,2082,3712,1924,3712
TRAIN,out/64_flip2.jpg,cevaplar,1134,825,2271,825,2271,2117,1134,2117
TRAIN,out/64_flip2.jpg,sozel,1155,822,2176,822,2176,1661,1155,1661
TRAIN,out/64_flip2.jpg,kenarcizgi,1206,173,3593,173,3593,316,1206,316
TRAIN,out/64_flip2.jpg,kurum_ogrenci_no,2298,313,2798,313,2798,852,2298,852
TRAIN,out/64_flip2.jpg,kitapcik_cinsiyet,2804,328,2980,328,2980,849,2804,849
TRAIN,out/64_flip2.jpg,tc,1795,301,2289,301,2289,759,1795,759
TRAIN,out/64_flip2.jpg,bilgiler_elle,2989,334,3569,334,3569,1048,2989,1048
TRAIN,out/64_flip2.jpg,sinif_sube,2411,1072,3560,1072,3560,1215,2411,1215
TRAIN,out/64_flip2.jpg,soyadi_adi,2289,1221,3563,1221,3563,2117,2289,2117
TRAIN,out/64_flip2.jpg,sayisal,1140,1676,2164,1676,2164,2120,1140,2120
TRAIN,out/53_flip2.jpg,sayisal,370,161,768,161,768,962,370,962
TRAIN,out/53_flip2.jpg,sinif_sube,2995,1125,3108,1125,3108,2012,2995,2012
TRAIN,out/53_flip2.jpg,cevaplar,2274,123,3316,123,3316,1030,2274,1030
TRAIN,out/53_flip2.jpg,kitapcik_cinsiyet,3286,1426,3706,1426,3706,1557,3286,1557
TRAIN,out/53_flip2.jpg,tc,3381,617,3756,617,3756,1018,3381,1018
TRAIN,out/53_flip2.jpg,kurum_ogrenci_no,1450,1036,1875,1036,1875,1408,1450,1408
TRAIN,out/53_flip2.jpg,sayisal,2292,134,2623,134,2623,962,2292,962
TRAIN,out/53_flip2.jpg,kenarcizgi,1840,143,1932,143,1932,2006,1840,2006
TRAIN,out/53_flip2.jpg,soyadi_adi,2292,1045,2995,1045,2995,2015,2292,2015
TRAIN,out/53_flip2.jpg,kurum_ogrenci_no,3298,1033,3733,1033,3733,1420,3298,1420
TRAIN,out/53_flip2.jpg,kitapcik_cinsiyet,1465,1429,1870,1429,1870,1548,1465,1548
TRAIN,out/53_flip2.jpg,kenarcizgi,3697,123,3864,123,3864,2021,3697,2021
TRAIN,out/53_flip2.jpg,cevaplar,370,146,1426,146,1426,1036,370,1036
TRAIN,out/53_flip2.jpg,bilgiler_elle,1316,1560,1881,1560,1881,2001,1316,2001
TRAIN,out/53_flip2.jpg,soyadi_adi,468,1051,1203,1051,1203,2003,468,2003
TRAIN,out/53_flip2.jpg,sozel,2646,131,3310,131,3310,947,2646,947
TRAIN,out/53_flip2.jpg,sinif_sube,1167,1134,1331,1134,1331,1992,1167,1992
TRAIN,out/53_flip2.jpg,tc,1483,631,1846,631,1846,1033,1483,1033
TRAIN,out/53_flip2.jpg,bilgiler_elle,3117,1563,3694,1563,3694,2015,3117,2015
TRAIN,out/53_flip2.jpg,sozel,727,143,1417,143,1417,953,727,953
TRAIN,out/51_flip2.jpg,soyadi_adi,393,167,1682,167,1682,1114,393,1114
TRAIN,out/51_flip2.jpg,kenarcizgi,367,1959,2688,1959,2688,2143,367,2143
TRAIN,out/51_flip2.jpg,bilgiler_elle,390,1233,965,1233,965,1962,390,1962
TRAIN,out/51_flip2.jpg,sinif_sube,405,1087,1554,1087,1554,1233,405,1233
TRAIN,out/51_flip2.jpg,kurum_ogrenci_no,1152,1468,1649,1468,1649,1995,1152,1995
TRAIN,out/51_flip2.jpg,kitapcik_cinsiyet,968,1468,1143,1468,1143,1971,968,1971
TRAIN,out/51_flip2.jpg,sozel,1768,688,2783,688,2783,1518,1768,1518
TRAIN,out/51_flip2.jpg,cevaplar,1676,230,2810,230,2810,1515,1676,1515
TRAIN,out/51_flip2.jpg,sayisal,1798,197,2813,197,2813,697,1798,697
TRAIN,out/51_flip2.jpg,tc,1640,1563,2140,1563,2140,2021,1640,2021
TRAIN,out/21_flip2.jpg,tc,1768,123,2323,123,2323,637,1768,637
TRAIN,out/21_flip2.jpg,kitapcik_cinsiyet,2911,123,3103,123,3103,711,2911,711
TRAIN,out/21_flip2.jpg,sinif_sube,2469,952,3752,952,3752,1125,2469,1125
TRAIN,out/21_flip2.jpg,sozel,1095,755,2218,755,2218,1668,1095,1668
TRAIN,out/21_flip2.jpg,kenarcizgi,1087,54,3781,54,3781,90,1087,90
TRAIN,out/21_flip2.jpg,cevaplar,1103,760,2325,760,2325,2174,1103,2174
TRAIN,out/21_flip2.jpg,sayisal,1103,1691,2223,1691,2223,2181,1103,2181
TRAIN,out/21_flip2.jpg,bilgiler_elle,3118,131,3760,131,3760,929,3118,929
TRAIN,out/21_flip2.jpg,soyadi_adi,2351,1131,3775,1131,3775,2143,2351,2143
TRAIN,out/21_flip2.jpg,kurum_ogrenci_no,2346,121,2898,121,2898,716,2346,716
TRAIN,out/26_flip2.jpg,kitapcik_cinsiyet,1318,1471,1747,1471,1747,1606,1318,1606
TRAIN,out/26_flip2.jpg,tc,3220,660,3604,660,3604,1069,3220,1069
TRAIN,out/26_flip2.jpg,sozel,571,87,1287,87,1287,947,571,947
TRAIN,out/26_flip2.jpg,sinif_sube,2821,1169,2949,1169,2949,2102,2821,2102
TRAIN,out/26_flip2.jpg,kenarcizgi,1773,116,1816,116,1816,2105,1773,2105
TRAIN,out/26_flip2.jpg,tc,1366,619,1750,619,1750,1041,1366,1041
TRAIN,out/26_flip2.jpg,kenarcizgi,3550,164,3719,164,3719,2125,3550,2125
TRAIN,out/26_flip2.jpg,sozel,2481,139,3182,139,3182,975,2481,975
TRAIN,out/26_flip2.jpg,kitapcik_cinsiyet,3131,1494,3555,1494,3555,1634,3131,1634
TRAIN,out/26_flip2.jpg,sinif_sube,1000,1149,1136,1149,1136,2084,1000,2084
TRAIN,out/26_flip2.jpg,kurum_ogrenci_no,1313,1056,1742,1056,1742,1450,1313,1450
TRAIN,out/26_flip2.jpg,cevaplar,2118,123,3182,123,3182,1056,2118,1056
TRAIN,out/26_flip2.jpg,sayisal,187,87,581,87,581,944,187,944
TRAIN,out/26_flip2.jpg,soyadi_adi,2100,1072,2842,1072,2842,2102,2100,2102
TRAIN,out/26_flip2.jpg,bilgiler_elle,1146,1614,1740,1614,1740,2089,1146,2089
TRAIN,out/26_flip2.jpg,cevaplar,177,85,1287,85,1287,1026,177,1026
TRAIN,out/26_flip2.jpg,bilgiler_elle,2952,1642,3558,1642,3558,2105,2952,2105
TRAIN,out/26_flip2.jpg,sayisal,2116,123,2484,123,2484,970,2116,970
TRAIN,out/26_flip2.jpg,kurum_ogrenci_no,3136,1085,3581,1085,3581,1481,3136,1481
TRAIN,out/26_flip2.jpg,soyadi_adi,231,1044,993,1044,993,2095,231,2095
TRAIN,out/70_flip2.jpg,soyadi_adi,2284,1200,3591,1200,3591,2110,2284,2110
TRAIN,out/70_flip2.jpg,cevaplar,1141,847,2259,847,2259,2123,1141,2123
TRAIN,out/70_flip2.jpg,bilgiler_elle,3011,282,3607,282,3607,1021,3011,1021
TRAIN,out/70_flip2.jpg,kurum_ogrenci_no,2297,277,2798,277,2798,814,2297,814
TRAIN,out/70_flip2.jpg,sayisal,1141,1696,2157,1696,2157,2123,1141,2123
TRAIN,out/70_flip2.jpg,sinif_sube,2399,1036,3591,1036,3591,1195,2399,1195
TRAIN,out/70_flip2.jpg,sozel,1146,844,2159,844,2159,1660,1146,1660
TRAIN,out/70_flip2.jpg,kitapcik_cinsiyet,2821,282,2988,282,2988,816,2821,816
TRAIN,out/70_flip2.jpg,tc,1765,274,2272,274,2272,742,1765,742
TRAIN,out/71_flip2.jpg,sozel,1133,831,2174,831,2174,1696,1133,1696
TRAIN,out/71_flip2.jpg,bilgiler_elle,3016,251,3607,251,3607,993,3016,993
TRAIN,out/71_flip2.jpg,kurum_ogrenci_no,2290,236,2796,236,2796,798,2290,798
TRAIN,out/71_flip2.jpg,cevaplar,1133,837,2287,837,2287,2166,1133,2166
TRAIN,out/71_flip2.jpg,tc,1763,251,2277,251,2277,724,1763,724
TRAIN,out/71_flip2.jpg,kitapcik_cinsiyet,2821,243,2995,243,2995,785,2821,785
TRAIN,out/71_flip2.jpg,soyadi_adi,2302,1174,3653,1174,3653,2123,2302,2123
TRAIN,out/71_flip2.jpg,sinif_sube,2415,1005,3609,1005,3609,1177,2415,1177
TRAIN,out/71_flip2.jpg,sayisal,1144,1696,2192,1696,2192,2169,1144,2169
TRAIN,out/73_flip2.jpg,tc,1625,583,2003,583,2003,995,1625,995
TRAIN,out/73_flip2.jpg,tc,3499,555,3903,555,3903,970,3499,970
TRAIN,out/73_flip2.jpg,sinif_sube,1279,1097,1446,1097,1446,1997,1279,1997
TRAIN,out/73_flip2.jpg,soyadi_adi,2374,995,3121,995,3121,1997,2374,1997
TRAIN,out/73_flip2.jpg,bilgiler_elle,3226,1555,3819,1555,3819,1995,3226,1995
TRAIN,out/73_flip2.jpg,cevaplar,456,72,1555,72,1555,990,456,990
TRAIN,out/73_flip2.jpg,kitapcik_cinsiyet,1589,1404,2003,1404,2003,1535,1589,1535
TRAIN,out/73_flip2.jpg,sozel,2747,59,3461,59,3461,880,2747,880
TRAIN,out/73_flip2.jpg,kenarcizgi,2013,70,2075,70,2075,2015,2013,2015
TRAIN,out/73_flip2.jpg,kurum_ogrenci_no,3412,990,3865,990,3865,1379,3412,1379
TRAIN,out/73_flip2.jpg,sozel,834,72,1550,72,1550,906,834,906
TRAIN,out/73_flip2.jpg,kurum_ogrenci_no,1579,1003,2003,1003,2003,1386,1579,1386
TRAIN,out/73_flip2.jpg,cevaplar,2387,57,3469,57,3469,975,2387,975
TRAIN,out/73_flip2.jpg,soyadi_adi,535,1010,1305,1010,1305,2018,535,2018
TRAIN,out/73_flip2.jpg,kitapcik_cinsiyet,3405,1399,3832,1399,3832,1532,3405,1532
TRAIN,out/73_flip2.jpg,sayisal,453,72,865,72,865,913,453,913
TRAIN,out/73_flip2.jpg,bilgiler_elle,1435,1552,2003,1552,2003,1997,1435,1997
TRAIN,out/73_flip2.jpg,sinif_sube,3087,1085,3218,1085,3218,2000,3087,2000
TRAIN,out/73_flip2.jpg,sayisal,2389,59,2752,59,2752,895,2389,895
TRAIN,out/73_flip2.jpg,kenarcizgi,3814,59,3998,59,3998,2008,3814,2008
TRAIN,out/73_flip2.jpg,kenarcizgi,100,98,318,98,318,2020,100,2020
TRAIN,out/48_flip2.jpg,kurum_ogrenci_no,1159,1545,1704,1545,1704,2148,1159,2148
TRAIN,out/48_flip2.jpg,sinif_sube,266,1151,1561,1151,1561,1361,266,1361
TRAIN,out/48_flip2.jpg,kenarcizgi,264,2153,2934,2153,2934,2248,264,2248
TRAIN,out/48_flip2.jpg,cevaplar,1681,100,2906,100,2906,1506,1681,1506
TRAIN,out/48_flip2.jpg,kitapcik_cinsiyet,947,1578,1136,1578,1136,2153,947,2153
TRAIN,out/48_flip2.jpg,soyadi_adi,228,156,1681,156,1681,1177,228,1177
TRAIN,out/48_flip2.jpg,bilgiler_elle,269,1361,931,1361,931,2174,269,2174
TRAIN,out/48_flip2.jpg,tc,1722,1616,2284,1616,2284,2133,1722,2133
TRAIN,out/93_flip2.jpg,soyadi_adi,2292,1131,3614,1131,3614,2064,2292,2064
TRAIN,out/93_flip2.jpg,tc,1755,200,2272,200,2272,683,1755,683
TRAIN,out/93_flip2.jpg,sozel,1136,791,2167,791,2167,1637,1136,1637
TRAIN,out/93_flip2.jpg,kitapcik_cinsiyet,2809,210,2980,210,2980,747,2809,747
TRAIN,out/93_flip2.jpg,bilgiler_elle,3008,210,3581,210,3581,947,3008,947
TRAIN,out/93_flip2.jpg,cevaplar,1126,775,2277,775,2277,2102,1126,2102
TRAIN,out/93_flip2.jpg,sayisal,1133,1634,2177,1634,2177,2102,1133,2102
TRAIN,out/93_flip2.jpg,kurum_ogrenci_no,2295,208,2783,208,2783,755,2295,755
TRAIN,out/93_flip2.jpg,sinif_sube,2402,967,3589,967,3589,1123,2402,1123
TRAIN,out/93_flip2.jpg,kenarcizgi,1133,100,3607,100,3607,177,1133,177
TRAIN,out/65_flip2.jpg,kenarcizgi,474,1967,2893,1967,2893,2089,474,2089
TRAIN,out/65_flip2.jpg,soyadi_adi,494,123,1806,123,1806,1056,494,1056
TRAIN,out/65_flip2.jpg,kurum_ogrenci_no,1292,1427,1793,1427,1793,1979,1292,1979
TRAIN,out/65_flip2.jpg,sayisal,1939,154,2957,154,2957,576,1939,576
TRAIN,out/65_flip2.jpg,sozel,1914,617,2939,617,2939,1425,1914,1425
TRAIN,out/65_flip2.jpg,bilgiler_elle,484,1212,1085,1212,1085,1962,484,1962
TRAIN,out/65_flip2.jpg,tc,1804,1512,2302,1512,2302,1982,1804,1982
TRAIN,out/65_flip2.jpg,cevaplar,1829,141,2952,141,2952,1430,1829,1430
TRAIN,out/65_flip2.jpg,kitapcik_cinsiyet,1095,1430,1274,1430,1274,1972,1095,1972
TRAIN,out/65_flip2.jpg,sinif_sube,484,1046,1681,1046,1681,1207,484,1207
TRAIN,out/57_flip2.jpg,kitapcik_cinsiyet,2711,228,2898,228,2898,768,2711,768
TRAIN,out/57_flip2.jpg,sayisal,985,1639,2047,1639,2047,2074,985,2074
TRAIN,out/57_flip2.jpg,sinif_sube,2305,1003,3486,1003,3486,1161,2305,1161
TRAIN,out/57_flip2.jpg,sozel,1006,750,2062,750,2062,1606,1006,1606
TRAIN,out/57_flip2.jpg,bilgiler_elle,2914,238,3497,238,3497,993,2914,993
TRAIN,out/57_flip2.jpg,soyadi_adi,2167,1149,3481,1149,3481,2084,2167,2084
TRAIN,out/57_flip2.jpg,cevaplar,990,750,2164,750,2164,2079,990,2079
TRAIN,out/57_flip2.jpg,kenarcizgi,1049,59,3525,59,3525,223,1049,223
TRAIN,out/57_flip2.jpg,tc,1660,192,2190,192,2190,673,1660,673
TRAIN,out/57_flip2.jpg,kurum_ogrenci_no,2192,205,2724,205,2724,768,2192,768
TRAIN,out/31_flip2.jpg,bilgiler_elle,3080,254,3701,254,3701,1031,3080,1031
TRAIN,out/31_flip2.jpg,kurum_ogrenci_no,2361,213,2901,213,2901,770,2361,770
TRAIN,out/31_flip2.jpg,sinif_sube,2453,1046,3673,1046,3673,1207,2453,1207
TRAIN,out/31_flip2.jpg,sozel,1126,709,2228,709,2228,1606,1126,1606
TRAIN,out/31_flip2.jpg,soyadi_adi,2300,1154,3665,1154,3665,2151,2300,2151
TRAIN,out/31_flip2.jpg,tc,1832,164,2364,164,2364,665,1832,665
TRAIN,out/31_flip2.jpg,kitapcik_cinsiyet,2901,249,3085,249,3085,780,2901,780
TRAIN,out/31_flip2.jpg,cevaplar,1093,709,2320,709,2320,2089,1093,2089
TRAIN,out/31_flip2.jpg,kenarcizgi,1238,57,3724,57,3724,266,1238,266
TRAIN,out/31_flip2.jpg,sayisal,1087,1599,2185,1599,2185,2092,1087,2092
TRAIN,out/66_flip2.jpg,bilgiler_elle,3197,1573,3793,1573,3793,2020,3197,2020
TRAIN,out/66_flip2.jpg,sinif_sube,3062,1102,3192,1102,3192,2018,3062,2018
TRAIN,out/66_flip2.jpg,kenarcizgi,144,62,256,62,256,1949,144,1949
TRAIN,out/66_flip2.jpg,sozel,2747,70,3461,70,3461,906,2747,906
TRAIN,out/66_flip2.jpg,soyadi_adi,2356,1000,3108,1000,3108,2015,2356,2015
TRAIN,out/66_flip2.jpg,tc,3489,591,3883,591,3883,1005,3489,1005
TRAIN,out/66_flip2.jpg,soyadi_adi,571,944,1300,944,1300,1964,571,1964
TRAIN,out/66_flip2.jpg,cevaplar,2387,62,3463,62,3463,990,2387,990
TRAIN,out/66_flip2.jpg,sayisal,535,57,898,57,898,857,535,857
TRAIN,out/66_flip2.jpg,bilgiler_elle,1433,1517,2008,1517,2008,1977,1433,1977
TRAIN,out/66_flip2.jpg,sinif_sube,1305,1054,1425,1054,1425,1964,1305,1964
TRAIN,out/66_flip2.jpg,sayisal,2392,64,2773,64,2773,895,2392,895
TRAIN,out/66_flip2.jpg,kitapcik_cinsiyet,3384,1430,3806,1430,3806,1565,3384,1565
TRAIN,out/66_flip2.jpg,kenarcizgi,3778,113,3998,113,3998,2049,3778,2049
TRAIN,out/66_flip2.jpg,tc,1663,555,2024,555,2024,967,1663,967
TRAIN,out/66_flip2.jpg,kenarcizgi,2021,59,2113,59,2113,2002,2021,2002
TRAIN,out/66_flip2.jpg,kurum_ogrenci_no,3397,1021,3847,1021,3847,1414,3397,1414
TRAIN,out/66_flip2.jpg,sozel,903,59,1581,59,1581,875,903,875
TRAIN,out/66_flip2.jpg,kitapcik_cinsiyet,1599,1366,2006,1366,2006,1506,1599,1506
TRAIN,out/66_flip2.jpg,cevaplar,535,54,1584,54,1584,949,535,949
TRAIN,out/66_flip2.jpg,kurum_ogrenci_no,1602,972,2018,972,2018,1363,1602,1363
TRAIN,out/52_flip2.jpg,bilgiler_elle,1433,1596,2006,1596,2006,2038,1433,2038
TRAIN,out/52_flip2.jpg,sinif_sube,2988,1146,3103,1146,3103,2043,2988,2043
TRAIN,out/52_flip2.jpg,kurum_ogrenci_no,1584,1049,2003,1049,2003,1430,1584,1430
TRAIN,out/52_flip2.jpg,kenarcizgi,39,110,231,110,231,2038,39,2038
TRAIN,out/52_flip2.jpg,tc,3387,642,3778,642,3778,1049,3387,1049
TRAIN,out/52_flip2.jpg,soyadi_adi,550,1054,1305,1054,1305,2049,550,2049
TRAIN,out/52_flip2.jpg,kitapcik_cinsiyet,3297,1460,3709,1460,3709,1588,3297,1588
TRAIN,out/52_flip2.jpg,cevaplar,486,128,1563,128,1563,1031,486,1031
TRAIN,out/52_flip2.jpg,kenarcizgi,3694,156,3875,156,3875,2064,3694,2064
TRAIN,out/52_flip2.jpg,sozel,2658,131,3361,131,3361,952,2658,952
TRAIN,out/52_flip2.jpg,sayisal,486,133,885,133,885,949,486,949
TRAIN,out/52_flip2.jpg,sinif_sube,1292,1143,1435,1143,1435,2043,1292,2043
TRAIN,out/52_flip2.jpg,soyadi_adi,2292,1049,3013,1049,3013,2046,2292,2046
TRAIN,out/52_flip2.jpg,tc,1637,637,2008,637,2008,1041,1637,1041
TRAIN,out/52_flip2.jpg,kenarcizgi,2024,136,2072,136,2072,2059,2024,2059
TRAIN,out/52_flip2.jpg,cevaplar,2300,123,3353,123,3353,1031,2300,1031
TRAIN,out/52_flip2.jpg,sozel,868,126,1561,126,1561,954,868,954
TRAIN,out/52_flip2.jpg,kitapcik_cinsiyet,1594,1440,2003,1440,2003,1578,1594,1578
TRAIN,out/52_flip2.jpg,kurum_ogrenci_no,3302,1067,3742,1067,3742,1440,3302,1440
TRAIN,out/52_flip2.jpg,bilgiler_elle,3118,1611,3701,1611,3701,2051,3118,2051
TRAIN,out/52_flip2.jpg,sayisal,2300,126,2660,126,2660,949,2300,949
TRAIN,out/72_flip2.jpg,sinif_sube,2420,924,3668,924,3668,1092,2420,1092
TRAIN,out/72_flip2.jpg,soyadi_adi,2269,1033,3668,1033,3668,2066,2269,2066
TRAIN,out/72_flip2.jpg,tc,1781,57,2330,57,2330,548,1781,548
TRAIN,out/72_flip2.jpg,sayisal,1018,1496,2149,1496,2149,2008,1018,2008
TRAIN,out/72_flip2.jpg,sozel,1062,583,2190,583,2190,1506,1062,1506
TRAIN,out/72_flip2.jpg,kitapcik_cinsiyet,2862,123,3059,123,3059,663,2862,663
TRAIN,out/72_flip2.jpg,cevaplar,1026,581,2287,581,2287,2000,1026,2000
TRAIN,out/72_flip2.jpg,kurum_ogrenci_no,2325,82,2865,82,2865,658,2325,658
TRAIN,out/72_flip2.jpg,bilgiler_elle,3059,131,3673,131,3673,913,3059,913
TRAIN,out/88_flip2.jpg,sinif_sube,310,1092,1553,1092,1553,1276,310,1276
TRAIN,out/88_flip2.jpg,soyadi_adi,274,133,1660,133,1660,1100,274,1100
TRAIN,out/88_flip2.jpg,kurum_ogrenci_no,1164,1478,1681,1478,1681,2043,1164,2043
TRAIN,out/88_flip2.jpg,sozel,1788,571,2832,571,2832,1450,1788,1450
TRAIN,out/88_flip2.jpg,kenarcizgi,295,2059,2842,2059,2842,2146,295,2146
TRAIN,out/88_flip2.jpg,kitapcik_cinsiyet,957,1489,1136,1489,1136,2041,957,2041
TRAIN,out/88_flip2.jpg,cevaplar,1681,103,2842,103,2842,1445,1681,1445
TRAIN,out/88_flip2.jpg,tc,1704,1542,2218,1542,2218,2033,1704,2033
TRAIN,out/88_flip2.jpg,sayisal,1778,95,2832,95,2832,573,1778,573
TRAIN,out/88_flip2.jpg,bilgiler_elle,320,1284,942,1284,942,2049,320,2049
TRAIN,out/19_flip2.jpg,bilgiler_elle,2931,279,3507,279,3507,1016,2931,1016
TRAIN,out/19_flip2.jpg,cevaplar,960,683,2185,683,2185,2049,960,2049
TRAIN,out/19_flip2.jpg,kurum_ogrenci_no,2218,215,2729,215,2729,760,2218,760
TRAIN,out/19_flip2.jpg,soyadi_adi,2151,1128,3481,1128,3481,2100,2151,2100
TRAIN,out/19_flip2.jpg,sozel,993,686,2087,686,2087,1570,993,1570
TRAIN,out/19_flip2.jpg,kitapcik_cinsiyet,2732,243,2914,243,2914,773,2732,773
TRAIN,out/19_flip2.jpg,sayisal,957,1568,2041,1568,2041,2043,957,2043
TRAIN,out/19_flip2.jpg,tc,1699,159,2220,159,2220,658,1699,658
TRAIN,out/19_flip2.jpg,sinif_sube,2313,1021,3489,1021,3489,1182,2313,1182
TRAIN,out/19_flip2.jpg,kenarcizgi,1110,57,3527,57,3527,269,1110,269
TRAIN,out/86_flip2.jpg,kurum_ogrenci_no,1254,1432,1737,1432,1737,1946,1254,1946
TRAIN,out/86_flip2.jpg,sozel,1855,650,2880,650,2880,1478,1855,1478
TRAIN,out/86_flip2.jpg,soyadi_adi,484,131,1778,131,1778,1079,484,1079
TRAIN,out/86_flip2.jpg,kitapcik_cinsiyet,1067,1425,1238,1425,1238,1918,1067,1918
TRAIN,out/86_flip2.jpg,sinif_sube,494,1036,1640,1036,1640,1187,494,1187
TRAIN,out/86_flip2.jpg,kenarcizgi,476,1913,2770,1913,2770,2092,476,2092
TRAIN,out/86_flip2.jpg,cevaplar,1773,192,2916,192,2916,1471,1773,1471
TRAIN,out/86_flip2.jpg,sayisal,1891,190,2916,190,2916,645,1891,645
TRAIN,out/86_flip2.jpg,bilgiler_elle,486,1197,1057,1197,1057,1913,486,1913
TRAIN,out/86_flip2.jpg,tc,1735,1522,2226,1522,2226,1977,1735,1977
TRAIN,out/40_flip2.jpg,kitapcik_cinsiyet,3259,1432,3653,1432,3653,1560,3259,1560
TRAIN,out/40_flip2.jpg,sinif_sube,1190,1149,1333,1149,1333,1979,1190,1979
TRAIN,out/40_flip2.jpg,sinif_sube,2960,1146,3080,1146,3080,1990,2960,1990
TRAIN,out/40_flip2.jpg,soyadi_adi,520,1067,1218,1067,1218,1979,520,1979
TRAIN,out/40_flip2.jpg,bilgiler_elle,3087,1570,3648,1570,3648,1995,3087,1995
TRAIN,out/40_flip2.jpg,kenarcizgi,1855,215,1919,215,1919,1995,1855,1995
TRAIN,out/40_flip2.jpg,sayisal,2292,190,2630,190,2630,964,2292,964
TRAIN,out/40_flip2.jpg,kitapcik_cinsiyet,1471,1430,1865,1430,1865,1547,1471,1547
TRAIN,out/40_flip2.jpg,soyadi_adi,2300,1051,2980,1051,2980,1992,2300,1992
TRAIN,out/40_flip2.jpg,sozel,2630,182,3297,182,3297,957,2630,957
TRAIN,out/40_flip2.jpg,kenarcizgi,3645,182,3814,182,3814,2005,3645,2005
TRAIN,out/40_flip2.jpg,cevaplar,446,213,1440,213,1440,1044,446,1044
TRAIN,out/40_flip2.jpg,kenarcizgi,246,231,412,231,412,1979,246,1979
TRAIN,out/40_flip2.jpg,tc,3336,658,3709,658,3709,1036,3336,1036
TRAIN,out/40_flip2.jpg,kurum_ogrenci_no,3261,1056,3678,1056,3678,1420,3261,1420
TRAIN,out/40_flip2.jpg,sozel,781,210,1446,210,1446,972,781,972
TRAIN,out/40_flip2.jpg,bilgiler_elle,1330,1565,1865,1565,1865,1974,1330,1974
TRAIN,out/40_flip2.jpg,sayisal,446,215,804,215,804,980,446,980
TRAIN,out/40_flip2.jpg,kitapcik_cinsiyet,8,1430,323,1430,323,1540,8,1540
TRAIN,out/40_flip2.jpg,cevaplar,2302,192,3295,192,3295,1031,2302,1031
TRAIN,out/40_flip2.jpg,tc,1499,673,1852,673,1852,1054,1499,1054
TRAIN,out/40_flip2.jpg,kurum_ogrenci_no,1461,1062,1860,1062,1860,1414,1461,1414
TRAIN,out/41_flip2.jpg,kitapcik_cinsiyet,2873,197,3047,197,3047,719,2873,719
TRAIN,out/41_flip2.jpg,cevaplar,1249,775,2366,775,2366,2054,1249,2054
TRAIN,out/41_flip2.jpg,tc,1850,200,2346,200,2346,668,1850,668
TRAIN,out/41_flip2.jpg,sozel,1251,785,2254,785,2254,1596,1251,1596
TRAIN,out/41_flip2.jpg,kurum_ogrenci_no,2356,200,2855,200,2855,734,2356,734
TRAIN,out/41_flip2.jpg,sayisal,1261,1606,2277,1606,2277,2056,1261,2056
TRAIN,out/41_flip2.jpg,soyadi_adi,2366,1092,3694,1092,3694,2015,2366,2015
TRAIN,out/41_flip2.jpg,kenarcizgi,1249,90,3673,90,3673,167,1249,167
TRAIN,out/41_flip2.jpg,bilgiler_elle,3064,182,3658,182,3658,924,3064,924
TRAIN,out/41_flip2.jpg,sinif_sube,2481,926,3660,926,3660,1092,2481,1092
TRAIN,out/82_flip2.jpg,sozel,2447,1400,3119,1400,3119,2209,2447,2209
TRAIN,out/82_flip2.jpg,soyadi_adi,2672,333,3401,333,3401,1306,2672,1306
TRAIN,out/82_flip2.jpg,kurum_ogrenci_no,2004,940,2418,940,2418,1322,2004,1322
TRAIN,out/82_flip2.jpg,kitapcik_cinsiyet,2012,791,2402,791,2402,927,2012,927
TRAIN,out/82_flip2.jpg,cevaplar,2439,1327,3480,1327,3480,2203,2439,2203
TRAIN,out/82_flip2.jpg,tc,2015,1327,2376,1327,2376,1719,2015,1719
TRAIN,out/82_flip2.jpg,sinif_sube,2546,362,2692,362,2692,1228,2546,1228
TRAIN,out/82_flip2.jpg,kenarcizgi,1923,335,2010,335,2010,2216,1923,2216
TRAIN,out/82_flip2.jpg,bilgiler_elle,1983,354,2549,354,2549,788,1983,788
TRAIN,out/82_flip2.jpg,sayisal,3087,1390,3475,1390,3475,2190,3087,2190
TRAIN,out/82_flip2.jpg,sozel,626,1411,1314,1411,1314,2219,626,2219
TRAIN,out/82_flip2.jpg,soyadi_adi,963,317,1670,317,1670,1309,963,1309
TRAIN,out/82_flip2.jpg,kenarcizgi,3666,320,3830,320,3830,2159,3666,2159
TRAIN,out/82_flip2.jpg,kurum_ogrenci_no,239,927,668,927,668,1309,239,1309
TRAIN,out/82_flip2.jpg,kitapcik_cinsiyet,267,778,675,778,675,914,267,914
TRAIN,out/82_flip2.jpg,cevaplar,623,1340,1659,1340,1659,2224,623,2224
TRAIN,out/82_flip2.jpg,tc,207,1322,584,1322,584,1714,207,1714
TRAIN,out/82_flip2.jpg,sinif_sube,853,328,976,328,976,1225,853,1225
TRAIN,out/82_flip2.jpg,kenarcizgi,103,307,278,307,278,2201,103,2201
TRAIN,out/82_flip2.jpg,bilgiler_elle,270,328,851,328,851,764,270,764
TRAIN,out/82_flip2.jpg,sayisal,1309,1413,1659,1413,1659,2219,1309,2219
TRAIN,out/77_flip2.jpg,sayisal,12,1111,488,1111,488,2148,12,2148
TRAIN,out/77_flip2.jpg,cevaplar,12,1103,1348,1103,1348,2244,12,2244
TRAIN,out/77_flip2.jpg,kurum_ogrenci_no,1367,2252,1913,2252,1913,2752,1367,2752
TRAIN,out/77_flip2.jpg,kenarcizgi,2043,1142,2135,1142,2135,3593,2043,3593
TRAIN,out/77_flip2.jpg,tc,1440,1722,1924,1722,1924,2241,1440,2241
TRAIN,out/77_flip2.jpg,bilgiler_elle,1183,2971,1909,2971,1909,3539,1183,3539
TRAIN,out/77_flip2.jpg,sinif_sube,1010,2367,1179,2367,1179,3539,1010,3539
TRAIN,out/77_flip2.jpg,kitapcik_cinsiyet,1387,2775,1913,2775,1913,2944,1387,2944
TRAIN,out/77_flip2.jpg,kenarcizgi,1951,1103,2016,1103,2016,3570,1951,3570
TRAIN,out/77_flip2.jpg,soyadi_adi,70,2256,1010,2256,1010,3543,70,3543
TRAIN,out/77_flip2.jpg,sozel,488,1119,1348,1119,1348,2141,488,2141
TRAIN,out/75_flip2.jpg,sinif_sube,1204,1031,1390,1031,1390,1905,1204,1905
TRAIN,out/75_flip2.jpg,kenarcizgi,3728,92,3841,92,3841,2002,3728,2002
TRAIN,out/75_flip2.jpg,soyadi_adi,2274,1055,2999,1055,2999,2036,2274,2036
TRAIN,out/75_flip2.jpg,soyadi_adi,474,950,1272,950,1272,1931,474,1931
TRAIN,out/75_flip2.jpg,kenarcizgi,1853,14,2018,14,2018,1895,1853,1895
TRAIN,out/75_flip2.jpg,sozel,707,8,1439,8,1439,872,707,872
TRAIN,out/75_flip2.jpg,tc,3352,602,3744,602,3744,1018,3352,1018
TRAIN,out/75_flip2.jpg,sinif_sube,2991,1136,3127,1136,3127,2012,2991,2012
TRAIN,out/75_flip2.jpg,cevaplar,2245,131,3273,131,3273,1065,2245,1065
TRAIN,out/75_flip2.jpg,bilgiler_elle,1377,1442,1942,1442,1942,1897,1377,1897
TRAIN,out/75_flip2.jpg,sayisal,338,50,775,50,775,890,338,890
TRAIN,out/75_flip2.jpg,kurum_ogrenci_no,3294,1018,3723,1018,3723,1413,3294,1413
TRAIN,out/75_flip2.jpg,sayisal,2253,165,2590,165,2590,992,2253,992
TRAIN,out/75_flip2.jpg,bilgiler_elle,3129,1555,3715,1555,3715,1991,3129,1991
TRAIN,out/75_flip2.jpg,kurum_ogrenci_no,1476,919,1910,919,1910,1306,1476,1306
TRAIN,out/75_flip2.jpg,cevaplar,341,11,1450,11,1450,955,341,955
TRAIN,out/75_flip2.jpg,sozel,2604,116,3273,116,3273,974,2604,974
TRAIN,out/75_flip2.jpg,kitapcik_cinsiyet,1515,1319,1923,1319,1923,1447,1515,1447
TRAIN,out/75_flip2.jpg,kitapcik_cinsiyet,3294,1419,3715,1419,3715,1557,3294,1557
TRAIN,out/75_flip2.jpg,tc,1502,498,1889,498,1889,916,1502,916
TRAIN,out/97_flip2.jpg,kurum_ogrenci_no,2156,215,2692,215,2692,798,2156,798
TRAIN,out/97_flip2.jpg,sozel,914,791,2012,791,2012,1688,914,1688
TRAIN,out/97_flip2.jpg,sinif_sube,2266,1047,3514,1047,3514,1212,2266,1212
TRAIN,out/97_flip2.jpg,cevaplar,893,793,2120,793,2120,2190,893,2190
TRAIN,out/97_flip2.jpg,sayisal,893,1722,1999,1722,1999,2182,893,2182
TRAIN,out/97_flip2.jpg,kenarcizgi,958,74,3556,74,3556,223,958,223
TRAIN,out/97_flip2.jpg,tc,1599,212,2154,212,2154,707,1599,707
TRAIN,out/97_flip2.jpg,bilgiler_elle,2902,244,3530,244,3530,1026,2902,1026
TRAIN,out/97_flip2.jpg,soyadi_adi,2135,1214,3519,1214,3519,2180,2135,2180
TRAIN,out/97_flip2.jpg,kitapcik_cinsiyet,2703,249,2889,249,2889,796,2703,796
TRAIN,out/58_flip2.jpg,soyadi_adi,2159,1149,3449,1149,3449,2067,2159,2067
TRAIN,out/58_flip2.jpg,kurum_ogrenci_no,2169,220,2666,220,2666,767,2169,767
TRAIN,out/58_flip2.jpg,tc,1643,202,2161,202,2161,678,1643,678
TRAIN,out/58_flip2.jpg,sayisal,976,1644,2031,1644,2031,2091,976,2091
TRAIN,out/58_flip2.jpg,kitapcik_cinsiyet,2679,241,2863,241,2863,772,2679,772
TRAIN,out/58_flip2.jpg,sinif_sube,2279,1005,3454,1005,3454,1160,2279,1160
TRAIN,out/58_flip2.jpg,sozel,982,764,2038,764,2038,1607,982,1607
TRAIN,out/58_flip2.jpg,kenarcizgi,1034,76,3467,76,3467,249,1034,249
TRAIN,out/58_flip2.jpg,bilgiler_elle,2878,249,3456,249,3456,982,2878,982
TRAIN,out/58_flip2.jpg,cevaplar,982,757,2133,757,2133,2086,982,2086
TRAIN,out/14_flip2.jpg,sinif_sube,710,1478,861,1478,861,2262,710,2262
TRAIN,out/14_flip2.jpg,kenarcizgi,2807,611,2972,611,2972,2304,2807,2304
TRAIN,out/14_flip2.jpg,kurum_ogrenci_no,970,1371,1354,1371,1354,1728,970,1728
TRAIN,out/14_flip2.jpg,soyadi_adi,1567,1423,2197,1423,2197,2304,1567,2304
TRAIN,out/14_flip2.jpg,sayisal,7,593,333,593,333,1337,7,1337
TRAIN,out/14_flip2.jpg,sayisal,1553,617,1868,617,1868,1354,1553,1354
TRAIN,out/14_flip2.jpg,cevaplar,1553,621,2485,621,2485,1413,1553,1413
TRAIN,out/14_flip2.jpg,bilgiler_elle,2300,1923,2818,1923,2818,2290,2300,2290
TRAIN,out/14_flip2.jpg,kitapcik_cinsiyet,2448,1776,2821,1776,2821,1896,2448,1896
TRAIN,out/14_flip2.jpg,bilgiler_elle,861,1851,1378,1851,1378,2256,861,2256
TRAIN,out/14_flip2.jpg,cevaplar,4,563,953,563,953,1395,4,1395
TRAIN,out/14_flip2.jpg,kenarcizgi,1323,559,1437,559,1437,2252,1323,2252
TRAIN,out/14_flip2.jpg,sinif_sube,2180,1498,2304,1498,2304,2293,2180,2293
TRAIN,out/14_flip2.jpg,kitapcik_cinsiyet,988,1724,1358,1724,1358,1855,988,1855
TRAIN,out/14_flip2.jpg,kurum_ogrenci_no,2458,1423,2849,1423,2849,1772,2458,1772
TRAIN,out/14_flip2.jpg,soyadi_adi,52,1395,761,1395,761,2300,52,2300
TRAIN,out/14_flip2.jpg,tc,2520,1053,2876,1053,2876,1409,2520,1409
TRAIN,out/14_flip2.jpg,tc,991,1001,1344,1001,1344,1385,991,1385
TRAIN,out/14_flip2.jpg,sozel,1862,607,2489,607,2489,1341,1862,1341
TRAIN,out/14_flip2.jpg,sozel,285,563,943,563,943,1320,285,1320
TRAIN,out/22_flip2.jpg,sinif_sube,2443,1000,3635,1000,3635,1161,2443,1161
TRAIN,out/22_flip2.jpg,tc,1814,179,2343,179,2343,658,1814,658
TRAIN,out/22_flip2.jpg,kitapcik_cinsiyet,2857,236,3044,236,3044,762,2857,762
TRAIN,out/22_flip2.jpg,sozel,1146,719,2213,719,2213,1586,1146,1586
TRAIN,out/22_flip2.jpg,soyadi_adi,2305,1133,3642,1133,3642,2095,2305,2095
TRAIN,out/22_flip2.jpg,bilgiler_elle,3054,243,3632,243,3632,990,3054,990
TRAIN,out/22_flip2.jpg,kenarcizgi,1223,57,3668,57,3668,231,1223,231
TRAIN,out/22_flip2.jpg,kurum_ogrenci_no,2341,210,2852,210,2852,760,2341,760
TRAIN,out/22_flip2.jpg,sayisal,1118,1604,2192,1604,2192,2072,1118,2072
TRAIN,out/22_flip2.jpg,cevaplar,1116,722,2310,722,2310,2064,1116,2064
TRAIN,out/7_flip2.jpg,kitapcik_cinsiyet,274,1657,665,1657,665,1783,274,1783
TRAIN,out/7_flip2.jpg,bilgiler_elle,3220,1496,3844,1496,3844,1918,3220,1918
TRAIN,out/7_flip2.jpg,sozel,2809,64,3568,64,3568,852,2809,852
TRAIN,out/7_flip2.jpg,bilgiler_elle,162,1783,724,1783,724,2187,162,2187
TRAIN,out/7_flip2.jpg,tc,3558,512,3990,512,3990,934,3558,934
TRAIN,out/7_flip2.jpg,kurum_ogrenci_no,195,1279,642,1279,642,1647,195,1647
TRAIN,out/7_flip2.jpg,sayisal,2446,64,2816,64,2816,847,2446,847
TRAIN,out/7_flip2.jpg,kurum_ogrenci_no,1878,1102,2277,1102,2277,1463,1878,1463
TRAIN,out/7_flip2.jpg,kenarcizgi,3811,745,3998,745,3998,1928,3811,1928
TRAIN,out/7_flip2.jpg,cevaplar,2448,57,3558,57,3558,929,2448,929
TRAIN,out/7_flip2.jpg,kenarcizgi,2287,213,2364,213,2364,2038,2287,2038
TRAIN,out/7_flip2.jpg,soyadi_adi,2417,949,3172,949,3172,1895,2417,1895
TRAIN,out/7_flip2.jpg,sinif_sube,3095,1036,3236,1036,3236,1903,3095,1903
TRAIN,out/7_flip2.jpg,sozel,1154,197,1839,197,1839,1003,1154,1003
TRAIN,out/7_flip2.jpg,tc,1919,693,2279,693,2279,1087,1919,1087
TRAIN,out/7_flip2.jpg,kenarcizgi,417,397,796,397,796,2204,417,2204
TRAIN,out/7_flip2.jpg,cevaplar,796,192,1850,192,1850,1077,796,1077
TRAIN,out/7_flip2.jpg,kurum_ogrenci_no,3443,947,3926,947,3926,1333,3443,1333
TRAIN,out/7_flip2.jpg,sinif_sube,1596,1184,1729,1184,1729,2002,1596,2002
TRAIN,out/7_flip2.jpg,tc,164,898,576,898,576,1287,164,1287
TRAIN,out/7_flip2.jpg,kitapcik_cinsiyet,3428,1350,3865,1350,3865,1486,3428,1486
TRAIN,out/7_flip2.jpg,sayisal,793,197,1197,197,1197,1008,793,1008
TRAIN,out/7_flip2.jpg,bilgiler_elle,1727,1616,2266,1616,2266,2018,1727,2018
TRAIN,out/7_flip2.jpg,soyadi_adi,893,1097,1612,1097,1612,2002,893,2002
TRAIN,out/7_flip2.jpg,kitapcik_cinsiyet,1878,1476,2266,1476,2266,1609,1878,1609
TRAIN,out/34_flip2.jpg,kitapcik_cinsiyet,2847,187,3013,187,3013,742,2847,742
TRAIN,out/34_flip2.jpg,bilgiler_elle,3039,156,3671,156,3671,931,3039,931
TRAIN,out/34_flip2.jpg,sinif_sube,2428,947,3668,947,3668,1136,2428,1136
TRAIN,out/34_flip2.jpg,soyadi_adi,2305,1133,3678,1133,3678,2066,2305,2066
TRAIN,out/34_flip2.jpg,kenarcizgi,1139,72,3701,72,3701,200,1139,200
TRAIN,out/34_flip2.jpg,tc,1760,210,2279,210,2279,701,1760,701
TRAIN,out/34_flip2.jpg,cevaplar,1159,806,2292,806,2292,2089,1159,2089
TRAIN,out/34_flip2.jpg,kurum_ogrenci_no,2297,187,2811,187,2811,762,2297,762
TRAIN,out/34_flip2.jpg,sozel,1164,796,2187,796,2187,1624,1164,1624
TRAIN,out/34_flip2.jpg,sayisal,1187,1639,2192,1639,2192,2092,1187,2092
TRAIN,out/49_flip2.jpg,cevaplar,1755,133,2862,133,2862,1414,1755,1414
TRAIN,out/49_flip2.jpg,sozel,1852,594,2868,594,2868,1417,1852,1417
TRAIN,out/49_flip2.jpg,bilgiler_elle,433,1246,1031,1246,1031,1979,433,1979
TRAIN,out/49_flip2.jpg,tc,1752,1509,2259,1509,2259,1979,1752,1979
TRAIN,out/49_flip2.jpg,sinif_sube,446,1069,1625,1069,1625,1235,446,1235
TRAIN,out/49_flip2.jpg,kitapcik_cinsiyet,1047,1455,1218,1455,1218,1972,1047,1972
TRAIN,out/49_flip2.jpg,kenarcizgi,422,2015,2860,2015,2860,2066,422,2066
TRAIN,out/49_flip2.jpg,sayisal,1852,146,2860,146,2860,576,1852,576
TRAIN,out/49_flip2.jpg,soyadi_adi,438,154,1729,154,1729,1067,438,1067
TRAIN,out/49_flip2.jpg,kurum_ogrenci_no,1241,1440,1742,1440,1742,1972,1241,1972
TRAIN,out/95_flip2.jpg,tc,1732,274,2228,274,2228,719,1732,719
TRAIN,out/95_flip2.jpg,bilgiler_elle,2916,279,3481,279,3481,993,2916,993
TRAIN,out/95_flip2.jpg,sinif_sube,2341,1008,3474,1008,3474,1159,2341,1159
TRAIN,out/95_flip2.jpg,sozel,1139,829,2121,829,2121,1624,1139,1624
TRAIN,out/95_flip2.jpg,kitapcik_cinsiyet,2729,287,2911,287,2911,785,2729,785
TRAIN,out/95_flip2.jpg,kenarcizgi,1141,167,3502,167,3502,256,1141,256
TRAIN,out/95_flip2.jpg,sayisal,1136,1637,2123,1637,2123,2064,1136,2064
TRAIN,out/95_flip2.jpg,soyadi_adi,2236,1169,3481,1169,3481,2041,2236,2041
TRAIN,out/95_flip2.jpg,cevaplar,1139,816,2218,816,2218,2064,1139,2064
TRAIN,out/95_flip2.jpg,kurum_ogrenci_no,2236,274,2722,274,2722,798,2236,798
TRAIN,out/9_flip2.jpg,cevaplar,1238,921,2228,921,2228,2059,1238,2059
TRAIN,out/9_flip2.jpg,sayisal,1241,1670,2144,1670,2144,2059,1241,2059
TRAIN,out/9_flip2.jpg,sozel,1246,916,2146,916,2146,1660,1246,1660
TRAIN,out/9_flip2.jpg,sinif_sube,2353,1082,3371,1082,3371,1233,2353,1233
TRAIN,out/9_flip2.jpg,kitapcik_cinsiyet,2706,433,2857,433,2857,898,2706,898
TRAIN,out/9_flip2.jpg,tc,1798,415,2259,415,2259,837,1798,837
TRAIN,out/9_flip2.jpg,soyadi_adi,2251,1230,3376,1230,3376,2041,2251,2041
TRAIN,out/9_flip2.jpg,kenarcizgi,1251,307,3410,307,3410,412,1251,412
TRAIN,out/9_flip2.jpg,bilgiler_elle,2865,433,3387,433,3387,1077,2865,1077
TRAIN,out/9_flip2.jpg,kurum_ogrenci_no,2251,420,2694,420,2694,900,2251,900
TRAIN,out/28_flip2.jpg,bilgiler_elle,676,1399,1139,1399,1139,1767,676,1767
TRAIN,out/28_flip2.jpg,tc,3683,696,3988,696,3988,1018,3683,1018
TRAIN,out/28_flip2.jpg,sayisal,8,241,251,241,251,880,8,880
TRAIN,out/28_flip2.jpg,sinif_sube,1988,1074,2093,1074,2093,1775,1988,1775
TRAIN,out/28_flip2.jpg,kurum_ogrenci_no,793,970,1141,970,1141,1292,793,1292
TRAIN,out/28_flip2.jpg,bilgiler_elle,3453,1458,3929,1458,3929,1813,3453,1813
TRAIN,out/28_flip2.jpg,cevaplar,1417,277,2220,277,2220,982,1417,982
TRAIN,out/28_flip2.jpg,sinif_sube,563,1028,678,1028,678,1757,563,1757
TRAIN,out/28_flip2.jpg,sozel,3113,302,3671,302,3671,949,3113,949
TRAIN,out/28_flip2.jpg,sayisal,1420,279,1706,279,1706,926,1420,926
TRAIN,out/28_flip2.jpg,kitapcik_cinsiyet,2215,1310,2540,1310,2540,1432,2215,1432
TRAIN,out/28_flip2.jpg,cevaplar,8,225,786,225,786,954,8,954
TRAIN,out/28_flip2.jpg,kitapcik_cinsiyet,3604,1343,3937,1343,3937,1450,3604,1450
TRAIN,out/28_flip2.jpg,kenarcizgi,2548,300,2635,300,2635,1800,2548,1800
TRAIN,out/28_flip2.jpg,soyadi_adi,8,949,576,949,576,1757,8,1757
TRAIN,out/28_flip2.jpg,cevaplar,2839,295,3668,295,3668,1008,2839,1008
TRAIN,out/28_flip2.jpg,sozel,1706,289,2226,289,2226,931,1706,931
TRAIN,out/28_flip2.jpg,soyadi_adi,1430,990,1990,990,1990,1775,1430,1775
TRAIN,out/28_flip2.jpg,tc,834,642,1141,642,1141,975,834,975
TRAIN,out/28_flip2.jpg,soyadi_adi,2809,1010,3394,1010,3394,1808,2809,1808
TRAIN,out/28_flip2.jpg,tc,2266,673,2566,673,2566,1000,2266,1000
TRAIN,out/28_flip2.jpg,kitapcik_cinsiyet,801,1292,1139,1292,1139,1412,801,1412
TRAIN,out/28_flip2.jpg,sayisal,2847,289,3146,289,3146,947,2847,947
TRAIN,out/28_flip2.jpg,sinif_sube,3353,1092,3461,1092,3461,1808,3353,1808
TRAIN,out/28_flip2.jpg,kurum_ogrenci_no,2213,1003,2548,1003,2548,1315,2213,1315
TRAIN,out/28_flip2.jpg,sozel,251,238,786,238,786,893,251,893
TRAIN,out/28_flip2.jpg,bilgiler_elle,2087,1425,2545,1425,2545,1788,2087,1788
TRAIN,out/28_flip2.jpg,kurum_ogrenci_no,3617,1033,3962,1033,3962,1333,3617,1333
TRAIN,out/28_flip2.jpg,kenarcizgi,1136,266,1192,266,1192,1785,1136,1785
TRAIN,out/5_flip2.jpg,cevaplar,205,1182,1452,1182,1452,2278,205,2278
TRAIN,out/5_flip2.jpg,kenarcizgi,1874,1269,2101,1269,2101,3514,1874,3514
TRAIN,out/5_flip2.jpg,sinif_sube,1039,2410,1184,2410,1184,3478,1039,3478
TRAIN,out/5_flip2.jpg,kurum_ogrenci_no,1402,2314,1928,2314,1928,2787,1402,2787
TRAIN,out/5_flip2.jpg,bilgiler_elle,1189,2969,1897,2969,1897,3496,1189,3496
TRAIN,out/5_flip2.jpg,kenarcizgi,32,1378,114,1378,114,3669,32,3669
TRAIN,out/5_flip2.jpg,kitapcik_cinsiyet,1407,2787,1892,2787,1892,2946,1407,2946
TRAIN,out/5_flip2.jpg,soyadi_adi,196,2269,1080,2269,1080,3469,196,3469
TRAIN,out/5_flip2.jpg,tc,1502,1823,1956,1823,1956,2319,1502,2319
TRAIN,out/23_flip2.jpg,cevaplar,1095,788,2302,788,2302,2176,1095,2176
TRAIN,out/23_flip2.jpg,kenarcizgi,1103,70,3770,70,3770,133,1103,133
TRAIN,out/23_flip2.jpg,bilgiler_elle,3087,167,3745,167,3745,975,3087,975
TRAIN,out/23_flip2.jpg,sozel,1100,793,2195,793,2195,1675,1100,1675
TRAIN,out/23_flip2.jpg,kurum_ogrenci_no,2320,177,2860,177,2860,752,2320,752
TRAIN,out/23_flip2.jpg,sayisal,1095,1701,2195,1701,2195,2171,1095,2171
TRAIN,out/23_flip2.jpg,kitapcik_cinsiyet,2885,179,3077,179,3077,755,2885,755
TRAIN,out/23_flip2.jpg,sinif_sube,2443,982,3745,982,3745,1164,2443,1164
TRAIN,out/23_flip2.jpg,tc,1760,174,2300,174,2300,678,1760,678
TRAIN,out/23_flip2.jpg,soyadi_adi,2318,1172,3770,1172,3770,2156,2318,2156
TRAIN,out/59_flip2.jpg,sayisal,494,62,868,62,868,906,494,906
TRAIN,out/59_flip2.jpg,kitapcik_cinsiyet,1563,1437,1980,1437,1980,1583,1563,1583
TRAIN,out/59_flip2.jpg,sozel,2663,123,3374,123,3374,949,2663,949
TRAIN,out/59_flip2.jpg,cevaplar,497,57,1563,57,1563,1008,497,1008
TRAIN,out/59_flip2.jpg,kenarcizgi,1990,121,2098,121,2098,2082,1990,2082
TRAIN,out/59_flip2.jpg,kenarcizgi,3727,136,3896,136,3896,2079,3727,2079
TRAIN,out/59_flip2.jpg,sinif_sube,1249,1105,1374,1105,1374,2043,1249,2043
TRAIN,out/59_flip2.jpg,soyadi_adi,2297,1046,3031,1046,3031,2082,2297,2082
TRAIN,out/59_flip2.jpg,cevaplar,2305,113,3366,113,3366,1036,2305,1036
TRAIN,out/59_flip2.jpg,tc,3410,627,3793,627,3793,1036,3410,1036
TRAIN,out/59_flip2.jpg,kurum_ogrenci_no,1563,1033,1998,1033,1998,1435,1563,1435
TRAIN,out/59_flip2.jpg,sinif_sube,3013,1136,3144,1136,3144,2077,3013,2077
TRAIN,out/59_flip2.jpg,tc,1630,606,2018,606,2018,1033,1630,1033
TRAIN,out/59_flip2.jpg,bilgiler_elle,3144,1611,3737,1611,3737,2066,3144,2066
TRAIN,out/59_flip2.jpg,kitapcik_cinsiyet,3320,1460,3745,1460,3745,1604,3320,1604
TRAIN,out/59_flip2.jpg,kenarcizgi,11,85,169,85,169,2064,11,2064
TRAIN,out/59_flip2.jpg,bilgiler_elle,1382,1583,1977,1583,1977,2066,1382,2066
TRAIN,out/59_flip2.jpg,kurum_ogrenci_no,3333,1051,3763,1051,3763,1450,3333,1450
TRAIN,out/59_flip2.jpg,soyadi_adi,512,995,1254,995,1254,2038,512,2038
TRAIN,out/59_flip2.jpg,sayisal,2295,108,2681,108,2681,952,2295,952
TRAIN,out/59_flip2.jpg,sozel,873,70,1563,70,1563,929,873,929
TRAIN,out/50_flip2.jpg,tc,1714,1655,2213,1655,2213,2125,1714,2125
TRAIN,out/50_flip2.jpg,cevaplar,1671,279,2796,279,2796,1563,1671,1563
TRAIN,out/50_flip2.jpg,kurum_ogrenci_no,1215,1586,1706,1586,1706,2133,1215,2133
TRAIN,out/50_flip2.jpg,kitapcik_cinsiyet,1018,1616,1197,1616,1197,2133,1018,2133
TRAIN,out/50_flip2.jpg,bilgiler_elle,430,1414,1018,1414,1018,2148,430,2148
TRAIN,out/50_flip2.jpg,soyadi_adi,384,335,1678,335,1678,1264,384,1264
TRAIN,out/50_flip2.jpg,sayisal,1768,295,2765,295,2765,745,1768,745
TRAIN,out/50_flip2.jpg,sinif_sube,428,1230,1576,1230,1576,1417,428,1417
TRAIN,out/50_flip2.jpg,kenarcizgi,428,2135,2809,2135,2809,2235,428,2235
TRAIN,out/50_flip2.jpg,sozel,1783,719,2796,719,2796,1563,1783,1563
TRAIN,out/54_flip2.jpg,tc,1320,650,1701,650,1701,1046,1320,1046
TRAIN,out/54_flip2.jpg,tc,3095,596,3476,596,3476,1000,3095,1000
TRAIN,out/54_flip2.jpg,kurum_ogrenci_no,3031,1005,3463,1005,3463,1402,3031,1402
TRAIN,out/54_flip2.jpg,bilgiler_elle,1159,1586,1714,1586,1714,2031,1159,2031
TRAIN,out/54_flip2.jpg,sinif_sube,2745,1125,2891,1125,2891,1992,2745,1992
TRAIN,out/54_flip2.jpg,cevaplar,177,146,1264,146,1264,1049,177,1049
TRAIN,out/54_flip2.jpg,kenarcizgi,1686,139,1793,139,1793,2056,1686,2056
TRAIN,out/54_flip2.jpg,kenarcizgi,3476,98,3550,98,3550,1987,3476,1987
TRAIN,out/54_flip2.jpg,cevaplar,1985,116,3021,116,3021,1051,1985,1051
TRAIN,out/54_flip2.jpg,kitapcik_cinsiyet,1302,1450,1709,1450,1709,1573,1302,1573
TRAIN,out/54_flip2.jpg,bilgiler_elle,2891,1540,3463,1540,3463,1987,2891,1987
TRAIN,out/54_flip2.jpg,kurum_ogrenci_no,1282,1059,1704,1059,1704,1435,1282,1435
TRAIN,out/54_flip2.jpg,sozel,2341,121,3021,121,3021,959,2341,959
TRAIN,out/54_flip2.jpg,kitapcik_cinsiyet,3036,1399,3461,1399,3461,1545,3036,1545
TRAIN,out/54_flip2.jpg,soyadi_adi,290,1062,1044,1062,1044,2031,290,2031
TRAIN,out/54_flip2.jpg,soyadi_adi,2041,1036,2758,1036,2758,2038,2041,2038
TRAIN,out/54_flip2.jpg,sozel,550,151,1269,151,1269,959,550,959
TRAIN,out/54_flip2.jpg,sinif_sube,998,1143,1164,1143,1164,2023,998,2023
TRAIN,out/54_flip2.jpg,sayisal,1988,164,2341,164,2341,982,1988,982
TRAIN,out/54_flip2.jpg,sayisal,177,167,596,167,596,967,177,967
TRAIN,out/55_flip2.jpg,kurum_ogrenci_no,2346,202,2873,202,2873,780,2346,780
TRAIN,out/55_flip2.jpg,tc,1793,213,2330,213,2330,711,1793,711
TRAIN,out/55_flip2.jpg,kitapcik_cinsiyet,2883,192,3072,192,3072,762,2883,762
TRAIN,out/55_flip2.jpg,cevaplar,1180,831,2366,831,2366,2174,1180,2174
TRAIN,out/55_flip2.jpg,kenarcizgi,1162,98,3729,98,3729,190,1162,190
TRAIN,out/55_flip2.jpg,sayisal,1197,1693,2261,1693,2261,2181,1197,2181
TRAIN,out/55_flip2.jpg,sinif_sube,2489,970,3724,970,3724,1154,2489,1154
TRAIN,out/55_flip2.jpg,bilgiler_elle,3087,182,3719,182,3719,967,3087,967
TRAIN,out/55_flip2.jpg,soyadi_adi,2366,1149,3758,1149,3758,2123,2366,2123
TRAIN,out/55_flip2.jpg,sozel,1180,831,2246,831,2246,1701,1180,1701
TRAIN,out/60_flip2.jpg,cevaplar,451,75,1538,75,1538,1003,451,1003
TRAIN,out/60_flip2.jpg,kenarcizgi,1988,75,2064,75,2064,2015,1988,2015
TRAIN,out/60_flip2.jpg,tc,1604,583,1983,583,1983,993,1604,993
TRAIN,out/60_flip2.jpg,sayisal,451,100,852,100,852,926,451,926
TRAIN,out/60_flip2.jpg,sinif_sube,1269,1097,1435,1097,1435,2005,1269,2005
TRAIN,out/60_flip2.jpg,kenarcizgi,21,59,233,59,233,2000,21,2000
TRAIN,out/60_flip2.jpg,cevaplar,2451,57,3532,57,3532,957,2451,957
TRAIN,out/60_flip2.jpg,kurum_ogrenci_no,1563,1003,1988,1003,1988,1389,1563,1389
TRAIN,out/60_flip2.jpg,sozel,819,90,1543,90,1543,913,819,913
TRAIN,out/60_flip2.jpg,soyadi_adi,2420,967,3169,967,3169,1974,2420,1974
TRAIN,out/60_flip2.jpg,kurum_ogrenci_no,3456,977,3911,977,3911,1376,3456,1376
TRAIN,out/60_flip2.jpg,sinif_sube,3118,1069,3246,1069,3246,1977,3118,1977
TRAIN,out/60_flip2.jpg,sozel,2814,59,3538,59,3538,867,2814,867
TRAIN,out/60_flip2.jpg,soyadi_adi,532,1018,1295,1018,1295,2018,532,2018
TRAIN,out/60_flip2.jpg,kitapcik_cinsiyet,1573,1407,1990,1407,1990,1535,1573,1535
TRAIN,out/60_flip2.jpg,kenarcizgi,3847,445,3998,445,3998,2018,3847,2018
TRAIN,out/60_flip2.jpg,tc,3548,555,3957,555,3957,975,3548,975
TRAIN,out/60_flip2.jpg,kitapcik_cinsiyet,3448,1391,3878,1391,3878,1527,3448,1527
TRAIN,out/60_flip2.jpg,kurum_ogrenci_no,3251,1535,3860,1535,3860,1987,3251,1987
TRAIN,out/60_flip2.jpg,sayisal,2451,57,2832,57,2832,867,2451,867
TRAIN,out/60_flip2.jpg,bilgiler_elle,1422,1552,1995,1552,1995,2000,1422,2000
TRAIN,out/16_flip2.jpg,kurum_ogrenci_no,1790,1546,2338,1546,2338,2047,1790,2047
TRAIN,out/16_flip2.jpg,sozel,922,381,1779,381,1779,1430,922,1430
TRAIN,out/16_flip2.jpg,sinif_sube,1426,1656,1584,1656,1584,2801,1426,2801
TRAIN,out/16_flip2.jpg,soyadi_adi,518,1553,1419,1553,1419,2790,518,2790
TRAIN,out/16_flip2.jpg,sayisal,460,395,936,395,936,1440,460,1440
TRAIN,out/16_flip2.jpg,tc,1868,1022,2358,1022,2358,1536,1868,1536
TRAIN,out/16_flip2.jpg,kenarcizgi,2338,384,2461,384,2461,2845,2338,2845
TRAIN,out/16_flip2.jpg,cevaplar,460,377,1776,377,1776,1539,460,1539
TRAIN,out/16_flip2.jpg,bilgiler_elle,1587,2245,2328,2245,2328,2818,1587,2818
TRAIN,out/16_flip2.jpg,kenarcizgi,312,148,436,148,436,2588,312,2588
TRAIN,out/16_flip2.jpg,kitapcik_cinsiyet,1786,2053,2334,2053,2334,2239,1786,2239
TRAIN,out/79_flip2.jpg,sozel,683,988,1588,988,1588,2081,683,2081
TRAIN,out/79_flip2.jpg,soyadi_adi,144,2139,1137,2139,1137,3451,144,3451
TRAIN,out/79_flip2.jpg,kitapcik_cinsiyet,1465,2706,1988,2706,1988,2890,1465,2890
TRAIN,out/79_flip2.jpg,kenarcizgi,1947,1135,2213,1135,2213,3468,1947,3468
TRAIN,out/79_flip2.jpg,tc,1581,1688,2073,1688,2073,2207,1581,2207
TRAIN,out/79_flip2.jpg,sayisal,209,947,690,947,690,2030,209,2030
TRAIN,out/79_flip2.jpg,sinif_sube,1066,2299,1230,2299,1230,3447,1066,3447
TRAIN,out/79_flip2.jpg,kurum_ogrenci_no,1475,2200,2022,2200,2022,2699,1475,2699
TRAIN,out/79_flip2.jpg,bilgiler_elle,1230,2901,1964,2901,1964,3437,1230,3437
TRAIN,out/79_flip2.jpg,cevaplar,202,940,1578,940,1578,2173,202,2173
TRAIN,out/94_flip2.jpg,sinif_sube,2407,1016,3548,1016,3548,1172,2407,1172
TRAIN,out/94_flip2.jpg,kenarcizgi,1287,108,3545,108,3545,305,1287,305
TRAIN,out/94_flip2.jpg,sayisal,1126,1552,2164,1552,2164,2008,1126,2008
TRAIN,out/94_flip2.jpg,soyadi_adi,2279,1110,3571,1110,3571,2059,2279,2059
TRAIN,out/94_flip2.jpg,tc,1827,228,2315,228,2315,673,1827,673
TRAIN,out/94_flip2.jpg,bilgiler_elle,2988,307,3548,307,3548,1003,2988,1003
TRAIN,out/94_flip2.jpg,cevaplar,1126,714,2287,714,2287,2013,1126,2013
TRAIN,out/94_flip2.jpg,kurum_ogrenci_no,2323,266,2796,266,2796,770,2323,770
TRAIN,out/94_flip2.jpg,kitapcik_cinsiyet,2806,287,2980,287,2980,785,2806,785
TRAIN,out/94_flip2.jpg,sozel,1167,711,2192,711,2192,1552,1167,1552
TRAIN,out/43_flip2.jpg,cevaplar,1241,729,2251,729,2251,1893,1241,1893
TRAIN,out/43_flip2.jpg,kenarcizgi,1228,131,3425,131,3425,187,1228,187
TRAIN,out/43_flip2.jpg,bilgiler_elle,2898,205,3422,205,3422,877,2898,877
TRAIN,out/43_flip2.jpg,sozel,1241,737,2151,737,2151,1494,1241,1494
TRAIN,out/43_flip2.jpg,kurum_ogrenci_no,2251,215,2701,215,2701,704,2251,704
TRAIN,out/43_flip2.jpg,sayisal,1251,1489,2164,1489,2164,1893,1251,1893
TRAIN,out/43_flip2.jpg,kitapcik_cinsiyet,2719,218,2878,218,2878,696,2719,696
TRAIN,out/43_flip2.jpg,sinif_sube,2366,880,3425,880,3425,1031,2366,1031
TRAIN,out/43_flip2.jpg,tc,1775,215,2241,215,2241,652,1775,652
TRAIN,out/43_flip2.jpg,soyadi_adi,2259,1033,3448,1033,3448,1862,2259,1862
TRAIN,out/37_flip2.jpg,kurum_ogrenci_no,2195,353,2635,353,2635,831,2195,831
TRAIN,out/37_flip2.jpg,sinif_sube,2297,1008,3364,1008,3364,1174,2297,1174
TRAIN,out/37_flip2.jpg,kenarcizgi,1164,261,3374,261,3374,325,1164,325
TRAIN,out/37_flip2.jpg,bilgiler_elle,2821,338,3361,338,3361,1005,2821,1005
TRAIN,out/37_flip2.jpg,tc,1717,346,2177,346,2177,768,1717,768
TRAIN,out/37_flip2.jpg,cevaplar,1164,854,2190,854,2190,2031,1164,2031
TRAIN,out/37_flip2.jpg,soyadi_adi,2192,1164,3384,1164,3384,1995,2192,1995
TRAIN,out/37_flip2.jpg,kitapcik_cinsiyet,2655,351,2816,351,2816,826,2655,826
TRAIN,out/10_flip2.jpg,kitapcik_cinsiyet,1452,2715,2052,2715,2052,2910,1452,2910
TRAIN,out/10_flip2.jpg,sayisal,5,856,505,856,505,2029,5,2029
TRAIN,out/10_flip2.jpg,cevaplar,0,848,1473,848,1473,2145,0,2145
TRAIN,out/10_flip2.jpg,sinif_sube,1059,2294,1216,2294,1216,3525,1059,3525
TRAIN,out/10_flip2.jpg,tc,1560,1591,2097,1591,2097,2158,1560,2158
TRAIN,out/10_flip2.jpg,kurum_ogrenci_no,1465,2158,2077,2158,2077,2707,1465,2707
TRAIN,out/10_flip2.jpg,soyadi_adi,25,2153,1059,2153,1059,3529,25,3529
TRAIN,out/10_flip2.jpg,kenarcizgi,2044,881,2238,881,2238,3558,2044,3558
TRAIN,out/10_flip2.jpg,sozel,509,872,1477,872,1477,2034,509,2034
TRAIN,out/10_flip2.jpg,bilgiler_elle,1229,2930,2035,2930,2035,3521,1229,3521
TRAIN,out/15_flip2.jpg,soyadi_adi,234,1238,1245,1238,1245,2643,234,2643
TRAIN,out/15_flip2.jpg,cevaplar,302,76,1721,76,1721,1317,302,1317
TRAIN,out/15_flip2.jpg,kurum_ogrenci_no,1608,1351,2211,1351,2211,1889,1608,1889
TRAIN,out/15_flip2.jpg,bilgiler_elle,1351,2067,2139,2067,2139,2725,1351,2725
TRAIN,out/15_flip2.jpg,sozel,768,72,1721,72,1721,1217,768,1217
TRAIN,out/15_flip2.jpg,kitapcik_cinsiyet,1591,1882,2163,1882,2163,2098,1591,2098
TRAIN,out/15_flip2.jpg,kenarcizgi,2122,168,2448,168,2448,2749,2122,2749
TRAIN,out/15_flip2.jpg,sayisal,306,79,806,79,806,1149,306,1149
TRAIN,out/15_flip2.jpg,tc,1735,806,2273,806,2273,1361,1735,1361
TRAIN,out/15_flip2.jpg,sinif_sube,1173,1430,1341,1430,1341,2657,1173,2657
TRAIN,out/2_flip2.jpg,bilgiler_elle,1187,3031,1875,3031,1875,3549,1187,3549
TRAIN,out/2_flip2.jpg,sayisal,124,1252,560,1252,560,2234,124,2234
TRAIN,out/2_flip2.jpg,kurum_ogrenci_no,1368,2350,1890,2350,1890,2846,1368,2846
TRAIN,out/2_flip2.jpg,soyadi_adi,158,2354,1022,2354,1022,3557,158,3557
TRAIN,out/2_flip2.jpg,tc,1454,1869,1912,1869,1912,2361,1454,2361
TRAIN,out/2_flip2.jpg,sinif_sube,1022,2455,1180,2455,1180,3553,1022,3553
TRAIN,out/2_flip2.jpg,cevaplar,124,1245,1387,1245,1387,2331,124,2331
TRAIN,out/2_flip2.jpg,kitapcik_cinsiyet,1368,2843,1886,2843,1886,3012,1368,3012
TRAIN,out/2_flip2.jpg,sozel,564,1252,1390,1252,1390,2241,564,2241
TRAIN,out/2_flip2.jpg,kenarcizgi,1879,1294,2036,1294,2036,3576,1879,3576
TRAIN,out/12_flip2.jpg,sayisal,118,746,622,746,622,1905,118,1905
TRAIN,out/12_flip2.jpg,kenarcizgi,2024,887,2237,887,2237,3505,2024,3505
TRAIN,out/12_flip2.jpg,cevaplar,105,732,1584,732,1584,2060,105,2060
TRAIN,out/12_flip2.jpg,sinif_sube,1057,2173,1230,2173,1230,3446,1057,3446
TRAIN,out/12_flip2.jpg,kitapcik_cinsiyet,1484,2646,2051,2646,2051,2814,1484,2814
TRAIN,out/12_flip2.jpg,tc,1597,1519,2142,1519,2142,2096,1597,2096
TRAIN,out/12_flip2.jpg,bilgiler_elle,1221,2850,2042,2850,2042,3446,1221,3446
TRAIN,out/12_flip2.jpg,kurum_ogrenci_no,1493,2078,2096,2078,2096,2623,1493,2623
TRAIN,out/12_flip2.jpg,soyadi_adi,69,2023,1103,2023,1103,3432,69,3432
TRAIN,out/12_flip2.jpg,sozel,627,769,1575,769,1575,1950,627,1950
